label,payload,family,payload_type,method,run_id,sample_index
attack,""" ( (  wnd"" or =  91",boolean,boolean,seqgan_master,seqgan_master__phase2a__boolean__F__50__MASTER__raw_character__len20__gpre15__reward_off__seed88,0
attack,omereetinnd  (3(  (7,boolean,boolean,seqgan_master,seqgan_master__phase2a__boolean__F__50__MASTER__raw_character__len20__gpre15__reward_off__seed88,1
attack,"sexckeet and'"" mans ",boolean,boolean,seqgan_master,seqgan_master__phase2a__boolean__F__50__MASTER__raw_character__len20__gpre15__reward_off__seed88,2
attack,"seetxect""   ut an iy",boolean,boolean,seqgan_master,seqgan_master__phase2a__boolean__F__50__MASTER__raw_character__len20__gpre15__reward_off__seed88,3
attack,-olen 527 '8'elemt  ,boolean,boolean,seqgan_master,seqgan_master__phase2a__boolean__F__50__MASTER__raw_character__len20__gpre15__reward_off__seed88,4
attack,2843'  70= ' ) us)  ,boolean,boolean,seqgan_master,seqgan_master__phase2a__boolean__F__50__MASTER__raw_character__len20__gpre15__reward_off__seed88,5
attack,@lele 8-82579578650',boolean,boolean,seqgan_master,seqgan_master__phase2a__boolean__F__50__MASTER__raw_character__len20__gpre15__reward_off__seed88,6
attack,"-846""  =  = = = )   ",boolean,boolean,seqgan_master,seqgan_master__phase2a__boolean__F__50__MASTER__raw_character__len20__gpre15__reward_off__seed88,7
attack,slec'leleant t 5818',boolean,boolean,seqgan_master,seqgan_master__phase2a__boolean__F__50__MASTER__raw_character__len20__gpre15__reward_off__seed88,8
attack,"1 ( c1""or 1'ec and d",boolean,boolean,seqgan_master,seqgan_master__phase2a__boolean__F__50__MASTER__raw_character__len20__gpre15__reward_off__seed88,9
attack,"-nd 01"" 'e   )   821",boolean,boolean,seqgan_master,seqgan_master__phase2a__boolean__F__50__MASTER__raw_character__len20__gpre15__reward_off__seed88,10
attack,sect or t =  and sez,boolean,boolean,seqgan_master,seqgan_master__phase2a__boolean__F__50__MASTER__raw_character__len20__gpre15__reward_off__seed88,11
attack,1 61+ and7 = )an  ) ,boolean,boolean,seqgan_master,seqgan_master__phase2a__boolean__F__50__MASTER__raw_character__len20__gpre15__reward_off__seed88,12
attack,'see'xetc  rmfw5nt t,boolean,boolean,seqgan_master,seqgan_master__phase2a__boolean__F__50__MASTER__raw_character__len20__gpre15__reward_off__seed88,13
attack,-28279690 w2 3820502,boolean,boolean,seqgan_master,seqgan_master__phase2a__boolean__F__50__MASTER__raw_character__len20__gpre15__reward_off__seed88,14
attack,1 o9359  =  )  or 1 ,boolean,boolean,seqgan_master,seqgan_master__phase2a__boolean__F__50__MASTER__raw_character__len20__gpre15__reward_off__seed88,15
attack,seect8x'unt =   and1,boolean,boolean,seqgan_master,seqgan_master__phase2a__boolean__F__50__MASTER__raw_character__len20__gpre15__reward_off__seed88,16
attack,selec_ct m'andm18'ak,boolean,boolean,seqgan_master,seqgan_master__phase2a__boolean__F__50__MASTER__raw_character__len20__gpre15__reward_off__seed88,17
attack,"-709 3 66878591/0""#c",boolean,boolean,seqgan_master,seqgan_master__phase2a__boolean__F__50__MASTER__raw_character__len20__gpre15__reward_off__seed88,18
attack,-809896'a_r2)   =  =,boolean,boolean,seqgan_master,seqgan_master__phase2a__boolean__F__50__MASTER__raw_character__len20__gpre15__reward_off__seed88,19
attack,"11'""   =  )  =  r an",boolean,boolean,seqgan_master,seqgan_master__phase2a__boolean__F__50__MASTER__raw_character__len20__gpre15__reward_off__seed88,20
attack,"-8"" 2'""n   and 228''",boolean,boolean,seqgan_master,seqgan_master__phase2a__boolean__F__50__MASTER__raw_character__len20__gpre15__reward_off__seed88,21
attack,1eel in en c an   an,boolean,boolean,seqgan_master,seqgan_master__phase2a__boolean__F__50__MASTER__raw_character__len20__gpre15__reward_off__seed88,22
attack,"-59-094' = 621 543""2",boolean,boolean,seqgan_master,seqgan_master__phase2a__boolean__F__50__MASTER__raw_character__len20__gpre15__reward_off__seed88,23
attack,"""58210""  5=  596eor1",boolean,boolean,seqgan_master,seqgan_master__phase2a__boolean__F__50__MASTER__raw_character__len20__gpre15__reward_off__seed88,24
attack,-385400pzt  )   = o ,boolean,boolean,seqgan_master,seqgan_master__phase2a__boolean__F__50__MASTER__raw_character__len20__gpre15__reward_off__seed88,25
attack,"-""85123 2 =  = ain ",boolean,boolean,seqgan_master,seqgan_master__phase2a__boolean__F__50__MASTER__raw_character__len20__gpre15__reward_off__seed88,26
attack,"""   l1""  )  a%3+ =  ",boolean,boolean,seqgan_master,seqgan_master__phase2a__boolean__F__50__MASTER__raw_character__len20__gpre15__reward_off__seed88,27
attack,"-995928"" 'vndo 12'  ",boolean,boolean,seqgan_master,seqgan_master__phase2a__boolean__F__50__MASTER__raw_character__len20__gpre15__reward_off__seed88,28
attack,-495' 54001an 3 0,boolean,boolean,seqgan_master,seqgan_master__phase2a__boolean__F__50__MASTER__raw_character__len20__gpre15__reward_off__seed88,29
attack,-88717 8214 =  85 re,boolean,boolean,seqgan_master,seqgan_master__phase2a__boolean__F__50__MASTER__raw_character__len20__gpre15__reward_off__seed88,30
attack,"51""  %""  =  = and 82",boolean,boolean,seqgan_master,seqgan_master__phase2a__boolean__F__50__MASTER__raw_character__len20__gpre15__reward_off__seed88,31
attack,-89%'  (  1 aslee ct,boolean,boolean,seqgan_master,seqgan_master__phase2a__boolean__F__50__MASTER__raw_character__len20__gpre15__reward_off__seed88,32
attack,-382287 whe,boolean,boolean,seqgan_master,seqgan_master__phase2a__boolean__F__50__MASTER__raw_character__len20__gpre15__reward_off__seed88,33
attack,ele5tmeilemselemect ,boolean,boolean,seqgan_master,seqgan_master__phase2a__boolean__F__50__MASTER__raw_character__len20__gpre15__reward_off__seed88,34
attack,"'/nc  lelee""ct a -v2",boolean,boolean,seqgan_master,seqgan_master__phase2a__boolean__F__50__MASTER__raw_character__len20__gpre15__reward_off__seed88,35
attack,089 )  )    =   =) 8,boolean,boolean,seqgan_master,seqgan_master__phase2a__boolean__F__50__MASTER__raw_character__len20__gpre15__reward_off__seed88,36
attack,'  bn lemt  or mo)e ,boolean,boolean,seqgan_master,seqgan_master__phase2a__boolean__F__50__MASTER__raw_character__len20__gpre15__reward_off__seed88,37
attack," = %""  ( asmnt '  le",boolean,boolean,seqgan_master,seqgan_master__phase2a__boolean__F__50__MASTER__raw_character__len20__gpre15__reward_off__seed88,38
attack,"' )""",boolean,boolean,seqgan_master,seqgan_master__phase2a__boolean__F__50__MASTER__raw_character__len20__gpre15__reward_off__seed88,39
attack,"11' ""  an 3679591",boolean,boolean,seqgan_master,seqgan_master__phase2a__boolean__F__50__MASTER__raw_character__len20__gpre15__reward_off__seed88,40
attack,"-10800"" 8962291  = 0",boolean,boolean,seqgan_master,seqgan_master__phase2a__boolean__F__50__MASTER__raw_character__len20__gpre15__reward_off__seed88,41
attack,-091847  93  and l 2,boolean,boolean,seqgan_master,seqgan_master__phase2a__boolean__F__50__MASTER__raw_character__len20__gpre15__reward_off__seed88,42
attack,"1' 'he  822"" =  ) wm",boolean,boolean,seqgan_master,seqgan_master__phase2a__boolean__F__50__MASTER__raw_character__len20__gpre15__reward_off__seed88,43
attack,select x  )   = =  =,boolean,boolean,seqgan_master,seqgan_master__phase2a__boolean__F__50__MASTER__raw_character__len20__gpre15__reward_off__seed88,44
attack,selnet eeleteaYe>1/e,boolean,boolean,seqgan_master,seqgan_master__phase2a__boolean__F__50__MASTER__raw_character__len20__gpre15__reward_off__seed88,45
attack,"-23721 wrr28688ab71",boolean,boolean,seqgan_master,seqgan_master__phase2a__boolean__F__50__MASTER__raw_character__len20__gpre15__reward_off__seed88,46
attack,"-8'""   =   ) )448 58",boolean,boolean,seqgan_master,seqgan_master__phase2a__boolean__F__50__MASTER__raw_character__len20__gpre15__reward_off__seed88,47
attack,"1and 5"" wndand and31",boolean,boolean,seqgan_master,seqgan_master__phase2a__boolean__F__50__MASTER__raw_character__len20__gpre15__reward_off__seed88,48
attack,-3888259822 80122 99,boolean,boolean,seqgan_master,seqgan_master__phase2a__boolean__F__50__MASTER__raw_character__len20__gpre15__reward_off__seed88,49
attack,1' )  =  =   = '   a,boolean,boolean,seqgan_master,seqgan_master__phase2a__boolean__F__50__MASTER__raw_character__len20__gpre15__reward_off__seed88,50
attack,e8230e ante8359 = 74,boolean,boolean,seqgan_master,seqgan_master__phase2a__boolean__F__50__MASTER__raw_character__len20__gpre15__reward_off__seed88,51
attack,"slecet lit lacnin'"" ",boolean,boolean,seqgan_master,seqgan_master__phase2a__boolean__F__50__MASTER__raw_character__len20__gpre15__reward_off__seed88,52
attack,"-641 ""''  =  69""  d9",boolean,boolean,seqgan_master,seqgan_master__phase2a__boolean__F__50__MASTER__raw_character__len20__gpre15__reward_off__seed88,53
attack,sec t t bseecnit m u,boolean,boolean,seqgan_master,seqgan_master__phase2a__boolean__F__50__MASTER__raw_character__len20__gpre15__reward_off__seed88,54
attack,"1""%  or 5 )   652389",boolean,boolean,seqgan_master,seqgan_master__phase2a__boolean__F__50__MASTER__raw_character__len20__gpre15__reward_off__seed88,55
attack,"191 2u' b76778 969"" ",boolean,boolean,seqgan_master,seqgan_master__phase2a__boolean__F__50__MASTER__raw_character__len20__gpre15__reward_off__seed88,56
attack,"-91"" 7 and 719858886",boolean,boolean,seqgan_master,seqgan_master__phase2a__boolean__F__50__MASTER__raw_character__len20__gpre15__reward_off__seed88,57
attack,selelecuectat  and  ,boolean,boolean,seqgan_master,seqgan_master__phase2a__boolean__F__50__MASTER__raw_character__len20__gpre15__reward_off__seed88,58
attack,"I79367210""  =94m  55",boolean,boolean,seqgan_master,seqgan_master__phase2a__boolean__F__50__MASTER__raw_character__len20__gpre15__reward_off__seed88,59
attack,-284 aseluec tan  11,boolean,boolean,seqgan_master,seqgan_master__phase2a__boolean__F__50__MASTER__raw_character__len20__gpre15__reward_off__seed88,60
attack,1,boolean,boolean,seqgan_master,seqgan_master__phase2a__boolean__F__50__MASTER__raw_character__len20__gpre15__reward_off__seed88,61
attack,-53428= =  = and 379,boolean,boolean,seqgan_master,seqgan_master__phase2a__boolean__F__50__MASTER__raw_character__len20__gpre15__reward_off__seed88,62
attack,-961'wy1W ormeb2 583,boolean,boolean,seqgan_master,seqgan_master__phase2a__boolean__F__50__MASTER__raw_character__len20__gpre15__reward_off__seed88,63
attack,"selte%eunc1ec-""annd0",boolean,boolean,seqgan_master,seqgan_master__phase2a__boolean__F__50__MASTER__raw_character__len20__gpre15__reward_off__seed88,64
attack,' r  133363^ 910'a7o,boolean,boolean,seqgan_master,seqgan_master__phase2a__boolean__F__50__MASTER__raw_character__len20__gpre15__reward_off__seed88,65
attack,slectu	m_2628 ) =   ,boolean,boolean,seqgan_master,seqgan_master__phase2a__boolean__F__50__MASTER__raw_character__len20__gpre15__reward_off__seed88,66
attack,91' and  oatd  1-624,boolean,boolean,seqgan_master,seqgan_master__phase2a__boolean__F__50__MASTER__raw_character__len20__gpre15__reward_off__seed88,67
attack,174' ( or 66872970  ,boolean,boolean,seqgan_master,seqgan_master__phase2a__boolean__F__50__MASTER__raw_character__len20__gpre15__reward_off__seed88,68
attack,-908'andand1  ) 33 o,boolean,boolean,seqgan_master,seqgan_master__phase2a__boolean__F__50__MASTER__raw_character__len20__gpre15__reward_off__seed88,69
attack,"11ind""  2 = anind = ",boolean,boolean,seqgan_master,seqgan_master__phase2a__boolean__F__50__MASTER__raw_character__len20__gpre15__reward_off__seed88,70
attack,1' 1 antind'   and  ,boolean,boolean,seqgan_master,seqgan_master__phase2a__boolean__F__50__MASTER__raw_character__len20__gpre15__reward_off__seed88,71
attack,"--384732""8   r  9317",boolean,boolean,seqgan_master,seqgan_master__phase2a__boolean__F__50__MASTER__raw_character__len20__gpre15__reward_off__seed88,72
attack,"-/119""  'and 71secse",boolean,boolean,seqgan_master,seqgan_master__phase2a__boolean__F__50__MASTER__raw_character__len20__gpre15__reward_off__seed88,73
attack,-ndind|n 7= )  ==  =,boolean,boolean,seqgan_master,seqgan_master__phase2a__boolean__F__50__MASTER__raw_character__len20__gpre15__reward_off__seed88,74
attack,188044'eand and mse,boolean,boolean,seqgan_master,seqgan_master__phase2a__boolean__F__50__MASTER__raw_character__len20__gpre15__reward_off__seed88,75
attack,"-13""0eand 80'  wseel",boolean,boolean,seqgan_master,seqgan_master__phase2a__boolean__F__50__MASTER__raw_character__len20__gpre15__reward_off__seed88,76
attack,"7212671"" '985)  =  =",boolean,boolean,seqgan_master,seqgan_master__phase2a__boolean__F__50__MASTER__raw_character__len20__gpre15__reward_off__seed88,77
attack,1or 3 r 15547220 an8,boolean,boolean,seqgan_master,seqgan_master__phase2a__boolean__F__50__MASTER__raw_character__len20__gpre15__reward_off__seed88,78
attack,"-19%""0 1""akelsectean",boolean,boolean,seqgan_master,seqgan_master__phase2a__boolean__F__50__MASTER__raw_character__len20__gpre15__reward_off__seed88,79
attack,-8554483=  = w.r'48=,boolean,boolean,seqgan_master,seqgan_master__phase2a__boolean__F__50__MASTER__raw_character__len20__gpre15__reward_off__seed88,80
attack,"-503""  (  =  n=   = ",boolean,boolean,seqgan_master,seqgan_master__phase2a__boolean__F__50__MASTER__raw_character__len20__gpre15__reward_off__seed88,81
attack," 9 = ""  = r 56"" =   ",boolean,boolean,seqgan_master,seqgan_master__phase2a__boolean__F__50__MASTER__raw_character__len20__gpre15__reward_off__seed88,82
attack,1''w'  +1in  seex,boolean,boolean,seqgan_master,seqgan_master__phase2a__boolean__F__50__MASTER__raw_character__len20__gpre15__reward_off__seed88,83
attack,1 and' ant|830491'  ,boolean,boolean,seqgan_master,seqgan_master__phase2a__boolean__F__50__MASTER__raw_character__len20__gpre15__reward_off__seed88,84
attack,"-32  = =""*l",boolean,boolean,seqgan_master,seqgan_master__phase2a__boolean__F__50__MASTER__raw_character__len20__gpre15__reward_off__seed88,85
attack,= ) or,boolean,boolean,seqgan_master,seqgan_master__phase2a__boolean__F__50__MASTER__raw_character__len20__gpre15__reward_off__seed88,86
attack,"-82080"" 5 a8or  =21 ",boolean,boolean,seqgan_master,seqgan_master__phase2a__boolean__F__50__MASTER__raw_character__len20__gpre15__reward_off__seed88,87
attack,1+1aslete i0andikec3,boolean,boolean,seqgan_master,seqgan_master__phase2a__boolean__F__50__MASTER__raw_character__len20__gpre15__reward_off__seed88,88
attack,sellerlectec bemsuse,boolean,boolean,seqgan_master,seqgan_master__phase2a__boolean__F__50__MASTER__raw_character__len20__gpre15__reward_off__seed88,89
attack,-)  = 5    =  =  a2),boolean,boolean,seqgan_master,seqgan_master__phase2a__boolean__F__50__MASTER__raw_character__len20__gpre15__reward_off__seed88,90
attack,-85-99 = = =   = 17=,boolean,boolean,seqgan_master,seqgan_master__phase2a__boolean__F__50__MASTER__raw_character__len20__gpre15__reward_off__seed88,91
attack,"1'""   isect   and ",boolean,boolean,seqgan_master,seqgan_master__phase2a__boolean__F__50__MASTER__raw_character__len20__gpre15__reward_off__seed88,92
attack,"#88""  4721  = 2358 =",boolean,boolean,seqgan_master,seqgan_master__phase2a__boolean__F__50__MASTER__raw_character__len20__gpre15__reward_off__seed88,93
attack,bem1 and3'and'b3t or,boolean,boolean,seqgan_master,seqgan_master__phase2a__boolean__F__50__MASTER__raw_character__len20__gpre15__reward_off__seed88,94
attack,"'"" )  ln st  766906""",boolean,boolean,seqgan_master,seqgan_master__phase2a__boolean__F__50__MASTER__raw_character__len20__gpre15__reward_off__seed88,95
attack,-13888708279682'v m',boolean,boolean,seqgan_master,seqgan_master__phase2a__boolean__F__50__MASTER__raw_character__len20__gpre15__reward_off__seed88,96
attack,"-444' wnd6nd 230 1"" ",boolean,boolean,seqgan_master,seqgan_master__phase2a__boolean__F__50__MASTER__raw_character__len20__gpre15__reward_off__seed88,97
attack,1 '  = =1  an' c6386,boolean,boolean,seqgan_master,seqgan_master__phase2a__boolean__F__50__MASTER__raw_character__len20__gpre15__reward_off__seed88,98
attack,'ljn?tcEmw1and  ) an,boolean,boolean,seqgan_master,seqgan_master__phase2a__boolean__F__50__MASTER__raw_character__len20__gpre15__reward_off__seed88,99
attack,"-29328'  anm69329""  ",boolean,boolean,seqgan_master,seqgan_master__phase2a__boolean__F__50__MASTER__raw_character__len20__gpre15__reward_off__seed88,100
attack,"""orer =  ) le  =  #r",boolean,boolean,seqgan_master,seqgan_master__phase2a__boolean__F__50__MASTER__raw_character__len20__gpre15__reward_off__seed88,101
attack,1'akeletuemet an 'sz,boolean,boolean,seqgan_master,seqgan_master__phase2a__boolean__F__50__MASTER__raw_character__len20__gpre15__reward_off__seed88,102
attack,"318690 9883#""  = ) 1",boolean,boolean,seqgan_master,seqgan_master__phase2a__boolean__F__50__MASTER__raw_character__len20__gpre15__reward_off__seed88,103
attack,'' and bmslect l   a,boolean,boolean,seqgan_master,seqgan_master__phase2a__boolean__F__50__MASTER__raw_character__len20__gpre15__reward_off__seed88,104
attack,-2874679808ande%m an,boolean,boolean,seqgan_master,seqgan_master__phase2a__boolean__F__50__MASTER__raw_character__len20__gpre15__reward_off__seed88,105
attack,"1 b und01""a'1 -99"" =",boolean,boolean,seqgan_master,seqgan_master__phase2a__boolean__F__50__MASTER__raw_character__len20__gpre15__reward_off__seed88,106
attack,"--9"" 899 ' =3and 9-8",boolean,boolean,seqgan_master,seqgan_master__phase2a__boolean__F__50__MASTER__raw_character__len20__gpre15__reward_off__seed88,107
attack,selese_ tet and  =  ,boolean,boolean,seqgan_master,seqgan_master__phase2a__boolean__F__50__MASTER__raw_character__len20__gpre15__reward_off__seed88,108
attack,1'    = or r q  2r  ,boolean,boolean,seqgan_master,seqgan_master__phase2a__boolean__F__50__MASTER__raw_character__len20__gpre15__reward_off__seed88,109
attack,1'' oun  wrnlectdet ,boolean,boolean,seqgan_master,seqgan_master__phase2a__boolean__F__50__MASTER__raw_character__len20__gpre15__reward_off__seed88,110
attack,sectoetrect andbt ex,boolean,boolean,seqgan_master,seqgan_master__phase2a__boolean__F__50__MASTER__raw_character__len20__gpre15__reward_off__seed88,111
attack,"'and nd1'mcccseleck""",boolean,boolean,seqgan_master,seqgan_master__phase2a__boolean__F__50__MASTER__raw_character__len20__gpre15__reward_off__seed88,112
attack,"1 '| andnd 5""98""and",boolean,boolean,seqgan_master,seqgan_master__phase2a__boolean__F__50__MASTER__raw_character__len20__gpre15__reward_off__seed88,113
attack," or    218""'  or 61""",boolean,boolean,seqgan_master,seqgan_master__phase2a__boolean__F__50__MASTER__raw_character__len20__gpre15__reward_off__seed88,114
attack,-7883'4 =  = = se2le,boolean,boolean,seqgan_master,seqgan_master__phase2a__boolean__F__50__MASTER__raw_character__len20__gpre15__reward_off__seed88,115
attack,"1'ast a-28582'""  r 1",boolean,boolean,seqgan_master,seqgan_master__phase2a__boolean__F__50__MASTER__raw_character__len20__gpre15__reward_off__seed88,116
attack,11 _nunlssect ' or  ,boolean,boolean,seqgan_master,seqgan_master__phase2a__boolean__F__50__MASTER__raw_character__len20__gpre15__reward_off__seed88,117
attack,17and sect  = 'e6 an,boolean,boolean,seqgan_master,seqgan_master__phase2a__boolean__F__50__MASTER__raw_character__len20__gpre15__reward_off__seed88,118
attack,1' slect and 89182 a,boolean,boolean,seqgan_master,seqgan_master__phase2a__boolean__F__50__MASTER__raw_character__len20__gpre15__reward_off__seed88,119
attack,"1""  (  and  )  r  b2",boolean,boolean,seqgan_master,seqgan_master__phase2a__boolean__F__50__MASTER__raw_character__len20__gpre15__reward_off__seed88,120
attack,"/m11""#% e(an  "" jise",boolean,boolean,seqgan_master,seqgan_master__phase2a__boolean__F__50__MASTER__raw_character__len20__gpre15__reward_off__seed88,121
attack,-137  = ='4)  =  or ,boolean,boolean,seqgan_master,seqgan_master__phase2a__boolean__F__50__MASTER__raw_character__len20__gpre15__reward_off__seed88,122
attack,"1 =  anle7c3"" or see",boolean,boolean,seqgan_master,seqgan_master__phase2a__boolean__F__50__MASTER__raw_character__len20__gpre15__reward_off__seed88,123
attack,-3385045278'    = 9 ,boolean,boolean,seqgan_master,seqgan_master__phase2a__boolean__F__50__MASTER__raw_character__len20__gpre15__reward_off__seed88,124
attack,"1aa"" ( ( and  = snt ",boolean,boolean,seqgan_master,seqgan_master__phase2a__boolean__F__50__MASTER__raw_character__len20__gpre15__reward_off__seed88,125
attack,-2580,boolean,boolean,seqgan_master,seqgan_master__phase2a__boolean__F__50__MASTER__raw_character__len20__gpre15__reward_off__seed88,126
attack,-2-382877232386324' ,boolean,boolean,seqgan_master,seqgan_master__phase2a__boolean__F__50__MASTER__raw_character__len20__gpre15__reward_off__seed88,127
attack,1akaUtelet Jbrwkeme ,boolean,boolean,seqgan_master,seqgan_master__phase2a__boolean__F__50__MASTER__raw_character__len20__gpre15__reward_off__seed88,128
attack,1' 1 and 0 ,boolean,boolean,seqgan_master,seqgan_master__phase2a__boolean__F__50__MASTER__raw_character__len20__gpre15__reward_off__seed88,129
attack,-%2198e 85-87 or 31 ,boolean,boolean,seqgan_master,seqgan_master__phase2a__boolean__F__50__MASTER__raw_character__len20__gpre15__reward_off__seed88,130
attack,"1-%'2' =   or 233"" )",boolean,boolean,seqgan_master,seqgan_master__phase2a__boolean__F__50__MASTER__raw_character__len20__gpre15__reward_off__seed88,131
attack,"-858%e )   86888""92'",boolean,boolean,seqgan_master,seqgan_master__phase2a__boolean__F__50__MASTER__raw_character__len20__gpre15__reward_off__seed88,132
attack,or   988940' or 53(9,boolean,boolean,seqgan_master,seqgan_master__phase2a__boolean__F__50__MASTER__raw_character__len20__gpre15__reward_off__seed88,133
attack,17,boolean,boolean,seqgan_master,seqgan_master__phase2a__boolean__F__50__MASTER__raw_character__len20__gpre15__reward_off__seed88,134
attack,-58088,boolean,boolean,seqgan_master,seqgan_master__phase2a__boolean__F__50__MASTER__raw_character__len20__gpre15__reward_off__seed88,135
attack,"-2721"" 4 =   = wd0""6",boolean,boolean,seqgan_master,seqgan_master__phase2a__boolean__F__50__MASTER__raw_character__len20__gpre15__reward_off__seed88,136
attack,eleyletand 8c9',boolean,boolean,seqgan_master,seqgan_master__phase2a__boolean__F__50__MASTER__raw_character__len20__gpre15__reward_off__seed88,137
attack,-132' 2%  r  =    or,boolean,boolean,seqgan_master,seqgan_master__phase2a__boolean__F__50__MASTER__raw_character__len20__gpre15__reward_off__seed88,138
attack,swecsecn ulc nd sect,boolean,boolean,seqgan_master,seqgan_master__phase2a__boolean__F__50__MASTER__raw_character__len20__gpre15__reward_off__seed88,139
attack," 341""  or or se+9516",boolean,boolean,seqgan_master,seqgan_master__phase2a__boolean__F__50__MASTER__raw_character__len20__gpre15__reward_off__seed88,140
attack,5989 = =  )  9 82993,boolean,boolean,seqgan_master,seqgan_master__phase2a__boolean__F__50__MASTER__raw_character__len20__gpre15__reward_off__seed88,141
attack,"6(""ar"" 04'  =or rd m",boolean,boolean,seqgan_master,seqgan_master__phase2a__boolean__F__50__MASTER__raw_character__len20__gpre15__reward_off__seed88,142
attack,"or or g01""2'  =  )  ",boolean,boolean,seqgan_master,seqgan_master__phase2a__boolean__F__50__MASTER__raw_character__len20__gpre15__reward_off__seed88,143
attack,"-921"" 4870 )  =  =  ",boolean,boolean,seqgan_master,seqgan_master__phase2a__boolean__F__50__MASTER__raw_character__len20__gpre15__reward_off__seed88,144
attack, 1 or 95286   =a69' ,boolean,boolean,seqgan_master,seqgan_master__phase2a__boolean__F__50__MASTER__raw_character__len20__gpre15__reward_off__seed88,145
attack,-8%%1%4025  =  ( a3',boolean,boolean,seqgan_master,seqgan_master__phase2a__boolean__F__50__MASTER__raw_character__len20__gpre15__reward_off__seed88,146
attack,'5-91or sle237etex72,boolean,boolean,seqgan_master,seqgan_master__phase2a__boolean__F__50__MASTER__raw_character__len20__gpre15__reward_off__seed88,147
attack,"-317 )     = 48""  ) ",boolean,boolean,seqgan_master,seqgan_master__phase2a__boolean__F__50__MASTER__raw_character__len20__gpre15__reward_off__seed88,148
attack,-38-1-548 946588)' a,boolean,boolean,seqgan_master,seqgan_master__phase2a__boolean__F__50__MASTER__raw_character__len20__gpre15__reward_off__seed88,149
attack,-n 442  8a1  =selctw,boolean,boolean,seqgan_master,seqgan_master__phase2a__boolean__F__50__MASTER__raw_character__len20__gpre15__reward_off__seed88,150
attack,-9secre_let eand ad ,boolean,boolean,seqgan_master,seqgan_master__phase2a__boolean__F__50__MASTER__raw_character__len20__gpre15__reward_off__seed88,151
attack,"-6% 60""  =  oree88e1",boolean,boolean,seqgan_master,seqgan_master__phase2a__boolean__F__50__MASTER__raw_character__len20__gpre15__reward_off__seed88,152
attack,"-6or anctand""an'  )n",boolean,boolean,seqgan_master,seqgan_master__phase2a__boolean__F__50__MASTER__raw_character__len20__gpre15__reward_off__seed88,153
attack,"selcigx""scelc 5cand ",boolean,boolean,seqgan_master,seqgan_master__phase2a__boolean__F__50__MASTER__raw_character__len20__gpre15__reward_off__seed88,154
attack,-21520   )    )  =  ,boolean,boolean,seqgan_master,seqgan_master__phase2a__boolean__F__50__MASTER__raw_character__len20__gpre15__reward_off__seed88,155
attack,-753973'4we7r 462423,boolean,boolean,seqgan_master,seqgan_master__phase2a__boolean__F__50__MASTER__raw_character__len20__gpre15__reward_off__seed88,156
attack,1' olmexsc8  an   a2,boolean,boolean,seqgan_master,seqgan_master__phase2a__boolean__F__50__MASTER__raw_character__len20__gpre15__reward_off__seed88,157
attack,"-m728 54c&""  6'   38",boolean,boolean,seqgan_master,seqgan_master__phase2a__boolean__F__50__MASTER__raw_character__len20__gpre15__reward_off__seed88,158
attack,"5109""   or"" 02053 m8",boolean,boolean,seqgan_master,seqgan_master__phase2a__boolean__F__50__MASTER__raw_character__len20__gpre15__reward_off__seed88,159
attack,-2589888'80285869'an,boolean,boolean,seqgan_master,seqgan_master__phase2a__boolean__F__50__MASTER__raw_character__len20__gpre15__reward_off__seed88,160
attack,-40 3395 r 938  o-em,boolean,boolean,seqgan_master,seqgan_master__phase2a__boolean__F__50__MASTER__raw_character__len20__gpre15__reward_off__seed88,161
attack,"1"" 9""and )9-"" 29 = 8",boolean,boolean,seqgan_master,seqgan_master__phase2a__boolean__F__50__MASTER__raw_character__len20__gpre15__reward_off__seed88,162
attack,"-7m"" = 3=   )  ) = =",boolean,boolean,seqgan_master,seqgan_master__phase2a__boolean__F__50__MASTER__raw_character__len20__gpre15__reward_off__seed88,163
attack,"1""'*anlsect 7unde  9",boolean,boolean,seqgan_master,seqgan_master__phase2a__boolean__F__50__MASTER__raw_character__len20__gpre15__reward_off__seed88,164
attack,"0w""in't %secenande m",boolean,boolean,seqgan_master,seqgan_master__phase2a__boolean__F__50__MASTER__raw_character__len20__gpre15__reward_off__seed88,165
attack,select  abt =  sit o,boolean,boolean,seqgan_master,seqgan_master__phase2a__boolean__F__50__MASTER__raw_character__len20__gpre15__reward_off__seed88,166
attack,selncislecellutecect,boolean,boolean,seqgan_master,seqgan_master__phase2a__boolean__F__50__MASTER__raw_character__len20__gpre15__reward_off__seed88,167
attack,19anind t   = ase_te,boolean,boolean,seqgan_master,seqgan_master__phase2a__boolean__F__50__MASTER__raw_character__len20__gpre15__reward_off__seed88,168
attack,1-92462  =  =   )  =,boolean,boolean,seqgan_master,seqgan_master__phase2a__boolean__F__50__MASTER__raw_character__len20__gpre15__reward_off__seed88,169
attack,"1z*wndue ""d = 5   ( ",boolean,boolean,seqgan_master,seqgan_master__phase2a__boolean__F__50__MASTER__raw_character__len20__gpre15__reward_off__seed88,170
attack,"5"" '' whheb1 6%""and ",boolean,boolean,seqgan_master,seqgan_master__phase2a__boolean__F__50__MASTER__raw_character__len20__gpre15__reward_off__seed88,171
attack,"1 *   38874 rin30' """,boolean,boolean,seqgan_master,seqgan_master__phase2a__boolean__F__50__MASTER__raw_character__len20__gpre15__reward_off__seed88,172
attack,"10""   =  11 )   6185",boolean,boolean,seqgan_master,seqgan_master__phase2a__boolean__F__50__MASTER__raw_character__len20__gpre15__reward_off__seed88,173
attack,"9 "" le  )  = 5  = )8",boolean,boolean,seqgan_master,seqgan_master__phase2a__boolean__F__50__MASTER__raw_character__len20__gpre15__reward_off__seed88,174
attack,-82245#c+ai%selectk ,boolean,boolean,seqgan_master,seqgan_master__phase2a__boolean__F__50__MASTER__raw_character__len20__gpre15__reward_off__seed88,175
attack,11sif 672950 anz5xak,boolean,boolean,seqgan_master,seqgan_master__phase2a__boolean__F__50__MASTER__raw_character__len20__gpre15__reward_off__seed88,176
attack,"-4"" = ) 93 )an upser",boolean,boolean,seqgan_master,seqgan_master__phase2a__boolean__F__50__MASTER__raw_character__len20__gpre15__reward_off__seed88,177
attack,"-00""* hseltcse_reet ",boolean,boolean,seqgan_master,seqgan_master__phase2a__boolean__F__50__MASTER__raw_character__len20__gpre15__reward_off__seed88,178
attack,-732' and iand sltet,boolean,boolean,seqgan_master,seqgan_master__phase2a__boolean__F__50__MASTER__raw_character__len20__gpre15__reward_off__seed88,179
attack,"1'  =    ""1"" ' )=  4",boolean,boolean,seqgan_master,seqgan_master__phase2a__boolean__F__50__MASTER__raw_character__len20__gpre15__reward_off__seed88,180
attack,1' an nO'and sedge71,boolean,boolean,seqgan_master,seqgan_master__phase2a__boolean__F__50__MASTER__raw_character__len20__gpre15__reward_off__seed88,181
attack,"121"" ' aandm821''""  ",boolean,boolean,seqgan_master,seqgan_master__phase2a__boolean__F__50__MASTER__raw_character__len20__gpre15__reward_off__seed88,182
attack,-43 )  = =67780   ) ,boolean,boolean,seqgan_master,seqgan_master__phase2a__boolean__F__50__MASTER__raw_character__len20__gpre15__reward_off__seed88,183
attack,1'b'lseleetc ad5,boolean,boolean,seqgan_master,seqgan_master__phase2a__boolean__F__50__MASTER__raw_character__len20__gpre15__reward_off__seed88,184
attack,1'' = sec5 m4ane3ct ,boolean,boolean,seqgan_master,seqgan_master__phase2a__boolean__F__50__MASTER__raw_character__len20__gpre15__reward_off__seed88,185
attack," '=  = = awnm""1' ina",boolean,boolean,seqgan_master,seqgan_master__phase2a__boolean__F__50__MASTER__raw_character__len20__gpre15__reward_off__seed88,186
attack,-528720218973=   =  ,boolean,boolean,seqgan_master,seqgan_master__phase2a__boolean__F__50__MASTER__raw_character__len20__gpre15__reward_off__seed88,187
attack,-75159 62%'oletet   ,boolean,boolean,seqgan_master,seqgan_master__phase2a__boolean__F__50__MASTER__raw_character__len20__gpre15__reward_off__seed88,188
attack,""" or 58= =  r  r 5  ",boolean,boolean,seqgan_master,seqgan_master__phase2a__boolean__F__50__MASTER__raw_character__len20__gpre15__reward_off__seed88,189
attack,1    148=  )  a r = ,boolean,boolean,seqgan_master,seqgan_master__phase2a__boolean__F__50__MASTER__raw_character__len20__gpre15__reward_off__seed88,190
attack,-8738286'% or ser,boolean,boolean,seqgan_master,seqgan_master__phase2a__boolean__F__50__MASTER__raw_character__len20__gpre15__reward_off__seed88,191
attack,1385 8881683' r = or,boolean,boolean,seqgan_master,seqgan_master__phase2a__boolean__F__50__MASTER__raw_character__len20__gpre15__reward_off__seed88,192
attack,"-95909 98919"""" (  = ",boolean,boolean,seqgan_master,seqgan_master__phase2a__boolean__F__50__MASTER__raw_character__len20__gpre15__reward_off__seed88,193
attack,e a29 =a ex339779r  ,boolean,boolean,seqgan_master,seqgan_master__phase2a__boolean__F__50__MASTER__raw_character__len20__gpre15__reward_off__seed88,194
attack,"-2""  ) orr 40  = und",boolean,boolean,seqgan_master,seqgan_master__phase2a__boolean__F__50__MASTER__raw_character__len20__gpre15__reward_off__seed88,195
attack,"T8504"" an2 = letan a",boolean,boolean,seqgan_master,seqgan_master__phase2a__boolean__F__50__MASTER__raw_character__len20__gpre15__reward_off__seed88,196
attack,"-33220993259985%"" mn",boolean,boolean,seqgan_master,seqgan_master__phase2a__boolean__F__50__MASTER__raw_character__len20__gpre15__reward_off__seed88,197
attack,-2547ere3  =  =   )2,boolean,boolean,seqgan_master,seqgan_master__phase2a__boolean__F__50__MASTER__raw_character__len20__gpre15__reward_off__seed88,198
attack,select secslecuect 4,boolean,boolean,seqgan_master,seqgan_master__phase2a__boolean__F__50__MASTER__raw_character__len20__gpre15__reward_off__seed88,199
