label,payload,family,payload_type,method,run_id,sample_index,length,num_unique_chars,entropy,alpha_count,digit_count,space_count,punct_count,alpha_ratio,digit_ratio,space_ratio,punct_ratio,single_quote_count,double_quote_count,dash_count,slash_count,star_count,equals_count,semicolon_count,paren_count,percent_count,underscore_count,comma_count,operator_count,has_single_quote,has_double_quote,has_comment_dashdash,has_comment_hash,has_comment_block,has_equal,has_parentheses,has_semicolon,has_percent_encoding,has_hex_literal,has_concat_operator,kw_select,kw_union,kw_where,kw_from,kw_and,kw_or,kw_insert,kw_update,kw_delete,kw_drop,kw_create,kw_alter,kw_sleep,kw_benchmark,kw_waitfor,kw_delay,kw_information_schema,kw_table,kw_column,kw_database,kw_cast,kw_convert,kw_concat,kw_substr,kw_substring,kw_ascii,kw_char,kw_load_file,kw_outfile,kw_exec,keyword_total
attack,"""   useserele 290'  ",union,union,seqgan_master,seqgan_master__phase2a__union__C__50__MASTER__raw_character__len20__gpre15__reward_off__seed88,0,20.0,11.0,3.0464393446710156,9.0,3.0,6.0,2.0,0.45,0.15,0.3,0.1,1.0,1.0,0.0,0.0,0.0,0.0,0.0,0.0,0.0,0.0,0.0,0.0,1.0,1.0,0.0,0.0,0.0,0.0,0.0,0.0,0.0,0.0,0.0,0.0,0.0,0.0,0.0,0.0,0.0,0.0,0.0,0.0,0.0,0.0,0.0,0.0,0.0,0.0,0.0,0.0,0.0,0.0,0.0,0.0,0.0,0.0,0.0,0.0,0.0,0.0,0.0,0.0,0.0,0.0
attack,-494727% n   (  )   ,union,union,seqgan_master,seqgan_master__phase2a__union__C__50__MASTER__raw_character__len20__gpre15__reward_off__seed88,1,20.0,10.0,2.6954618442383222,1.0,6.0,9.0,4.0,0.05,0.3,0.45,0.2,0.0,0.0,1.0,0.0,0.0,0.0,0.0,2.0,1.0,0.0,0.0,1.0,0.0,0.0,0.0,0.0,0.0,0.0,1.0,0.0,0.0,0.0,0.0,0.0,0.0,0.0,0.0,0.0,0.0,0.0,0.0,0.0,0.0,0.0,0.0,0.0,0.0,0.0,0.0,0.0,0.0,0.0,0.0,0.0,0.0,0.0,0.0,0.0,0.0,0.0,0.0,0.0,0.0,0.0
attack,"-9460""   aseeler9ts ",union,union,seqgan_master,seqgan_master__phase2a__union__C__50__MASTER__raw_character__len20__gpre15__reward_off__seed88,2,20.0,13.0,3.484183719779189,9.0,5.0,4.0,2.0,0.45,0.25,0.2,0.1,0.0,1.0,1.0,0.0,0.0,0.0,0.0,0.0,0.0,0.0,0.0,1.0,0.0,1.0,0.0,0.0,0.0,0.0,0.0,0.0,0.0,0.0,0.0,0.0,0.0,0.0,0.0,0.0,0.0,0.0,0.0,0.0,0.0,0.0,0.0,0.0,0.0,0.0,0.0,0.0,0.0,0.0,0.0,0.0,0.0,0.0,0.0,0.0,0.0,0.0,0.0,0.0,0.0,0.0
attack,"-77774% ""   un    ) ",union,union,seqgan_master,seqgan_master__phase2a__union__C__50__MASTER__raw_character__len20__gpre15__reward_off__seed88,3,20.0,9.0,2.495461844238322,2.0,5.0,9.0,4.0,0.1,0.25,0.45,0.2,0.0,1.0,1.0,0.0,0.0,0.0,0.0,1.0,1.0,0.0,0.0,1.0,0.0,1.0,0.0,0.0,0.0,0.0,1.0,0.0,0.0,0.0,0.0,0.0,0.0,0.0,0.0,0.0,0.0,0.0,0.0,0.0,0.0,0.0,0.0,0.0,0.0,0.0,0.0,0.0,0.0,0.0,0.0,0.0,0.0,0.0,0.0,0.0,0.0,0.0,0.0,0.0,0.0,0.0
attack,-5984' where'eler'  ,union,union,seqgan_master,seqgan_master__phase2a__union__C__50__MASTER__raw_character__len20__gpre15__reward_off__seed88,4,20.0,12.0,3.3464393446710154,9.0,4.0,3.0,4.0,0.45,0.2,0.15,0.2,3.0,0.0,1.0,0.0,0.0,0.0,0.0,0.0,0.0,0.0,0.0,1.0,1.0,0.0,0.0,0.0,0.0,0.0,0.0,0.0,0.0,0.0,0.0,0.0,0.0,1.0,0.0,0.0,0.0,0.0,0.0,0.0,0.0,0.0,0.0,0.0,0.0,0.0,0.0,0.0,0.0,0.0,0.0,0.0,0.0,0.0,0.0,0.0,0.0,0.0,0.0,0.0,0.0,1.0
attack,-844'  unin'  )  )  ,union,union,seqgan_master,seqgan_master__phase2a__union__C__50__MASTER__raw_character__len20__gpre15__reward_off__seed88,5,20.0,9.0,2.7219280948873625,4.0,3.0,8.0,5.0,0.2,0.15,0.4,0.25,2.0,0.0,1.0,0.0,0.0,0.0,0.0,2.0,0.0,0.0,0.0,1.0,1.0,0.0,0.0,0.0,0.0,0.0,1.0,0.0,0.0,0.0,0.0,0.0,0.0,0.0,0.0,0.0,0.0,0.0,0.0,0.0,0.0,0.0,0.0,0.0,0.0,0.0,0.0,0.0,0.0,0.0,0.0,0.0,0.0,0.0,0.0,0.0,0.0,0.0,0.0,0.0,0.0,0.0
attack,@  )   )    )      ),union,union,seqgan_master,seqgan_master__phase2a__union__C__50__MASTER__raw_character__len20__gpre15__reward_off__seed88,6,20.0,3.0,0.9917601481809735,0.0,0.0,15.0,5.0,0.0,0.0,0.75,0.25,0.0,0.0,0.0,0.0,0.0,0.0,0.0,4.0,0.0,0.0,0.0,0.0,0.0,0.0,0.0,0.0,0.0,0.0,1.0,0.0,0.0,0.0,0.0,0.0,0.0,0.0,0.0,0.0,0.0,0.0,0.0,0.0,0.0,0.0,0.0,0.0,0.0,0.0,0.0,0.0,0.0,0.0,0.0,0.0,0.0,0.0,0.0,0.0,0.0,0.0,0.0,0.0,0.0,0.0
attack,"-8467%"" )     ) )   ",union,union,seqgan_master,seqgan_master__phase2a__union__C__50__MASTER__raw_character__len20__gpre15__reward_off__seed88,7,20.0,9.0,2.4232196723355077,0.0,4.0,10.0,6.0,0.0,0.2,0.5,0.3,0.0,1.0,1.0,0.0,0.0,0.0,0.0,3.0,1.0,0.0,0.0,1.0,0.0,1.0,0.0,0.0,0.0,0.0,1.0,0.0,0.0,0.0,0.0,0.0,0.0,0.0,0.0,0.0,0.0,0.0,0.0,0.0,0.0,0.0,0.0,0.0,0.0,0.0,0.0,0.0,0.0,0.0,0.0,0.0,0.0,0.0,0.0,0.0,0.0,0.0,0.0,0.0,0.0,0.0
attack,-674'  )     )    ) ,union,union,seqgan_master,seqgan_master__phase2a__union__C__50__MASTER__raw_character__len20__gpre15__reward_off__seed88,8,20.0,7.0,1.9332062193464954,0.0,3.0,12.0,5.0,0.0,0.15,0.6,0.25,1.0,0.0,1.0,0.0,0.0,0.0,0.0,3.0,0.0,0.0,0.0,1.0,1.0,0.0,0.0,0.0,0.0,0.0,1.0,0.0,0.0,0.0,0.0,0.0,0.0,0.0,0.0,0.0,0.0,0.0,0.0,0.0,0.0,0.0,0.0,0.0,0.0,0.0,0.0,0.0,0.0,0.0,0.0,0.0,0.0,0.0,0.0,0.0,0.0,0.0,0.0,0.0,0.0,0.0
attack,1  )   )     )     ),union,union,seqgan_master,seqgan_master__phase2a__union__C__50__MASTER__raw_character__len20__gpre15__reward_off__seed88,9,20.0,3.0,0.9917601481809735,0.0,1.0,15.0,4.0,0.0,0.05,0.75,0.2,0.0,0.0,0.0,0.0,0.0,0.0,0.0,4.0,0.0,0.0,0.0,0.0,0.0,0.0,0.0,0.0,0.0,0.0,1.0,0.0,0.0,0.0,0.0,0.0,0.0,0.0,0.0,0.0,0.0,0.0,0.0,0.0,0.0,0.0,0.0,0.0,0.0,0.0,0.0,0.0,0.0,0.0,0.0,0.0,0.0,0.0,0.0,0.0,0.0,0.0,0.0,0.0,0.0,0.0
attack, n    u8 )   )    un,union,union,seqgan_master,seqgan_master__phase2a__union__C__50__MASTER__raw_character__len20__gpre15__reward_off__seed88,10,20.0,5.0,1.6166422780956524,4.0,1.0,13.0,2.0,0.2,0.05,0.65,0.1,0.0,0.0,0.0,0.0,0.0,0.0,0.0,2.0,0.0,0.0,0.0,0.0,0.0,0.0,0.0,0.0,0.0,0.0,1.0,0.0,0.0,0.0,0.0,0.0,0.0,0.0,0.0,0.0,0.0,0.0,0.0,0.0,0.0,0.0,0.0,0.0,0.0,0.0,0.0,0.0,0.0,0.0,0.0,0.0,0.0,0.0,0.0,0.0,0.0,0.0,0.0,0.0,0.0,0.0
attack,-82269'   )      )  ,union,union,seqgan_master,seqgan_master__phase2a__union__C__50__MASTER__raw_character__len20__gpre15__reward_off__seed88,11,20.0,8.0,2.219240704636849,0.0,5.0,11.0,4.0,0.0,0.25,0.55,0.2,1.0,0.0,1.0,0.0,0.0,0.0,0.0,2.0,0.0,0.0,0.0,1.0,1.0,0.0,0.0,0.0,0.0,0.0,1.0,0.0,0.0,0.0,0.0,0.0,0.0,0.0,0.0,0.0,0.0,0.0,0.0,0.0,0.0,0.0,0.0,0.0,0.0,0.0,0.0,0.0,0.0,0.0,0.0,0.0,0.0,0.0,0.0,0.0,0.0,0.0,0.0,0.0,0.0,0.0
attack,1 6   )  u f )    ) ,union,union,seqgan_master,seqgan_master__phase2a__union__C__50__MASTER__raw_character__len20__gpre15__reward_off__seed88,12,20.0,6.0,1.678897902987479,2.0,2.0,13.0,3.0,0.1,0.1,0.65,0.15,0.0,0.0,0.0,0.0,0.0,0.0,0.0,3.0,0.0,0.0,0.0,0.0,0.0,0.0,0.0,0.0,0.0,0.0,1.0,0.0,0.0,0.0,0.0,0.0,0.0,0.0,0.0,0.0,0.0,0.0,0.0,0.0,0.0,0.0,0.0,0.0,0.0,0.0,0.0,0.0,0.0,0.0,0.0,0.0,0.0,0.0,0.0,0.0,0.0,0.0,0.0,0.0,0.0,0.0
attack,-685'fr     )     ) ,union,union,seqgan_master,seqgan_master__phase2a__union__C__50__MASTER__raw_character__len20__gpre15__reward_off__seed88,13,20.0,9.0,2.319240704636849,2.0,3.0,11.0,4.0,0.1,0.15,0.55,0.2,1.0,0.0,1.0,0.0,0.0,0.0,0.0,2.0,0.0,0.0,0.0,1.0,1.0,0.0,0.0,0.0,0.0,0.0,1.0,0.0,0.0,0.0,0.0,0.0,0.0,0.0,0.0,0.0,0.0,0.0,0.0,0.0,0.0,0.0,0.0,0.0,0.0,0.0,0.0,0.0,0.0,0.0,0.0,0.0,0.0,0.0,0.0,0.0,0.0,0.0,0.0,0.0,0.0,0.0
attack,"-2847""    )      )  ",union,union,seqgan_master,seqgan_master__phase2a__union__C__50__MASTER__raw_character__len20__gpre15__reward_off__seed88,14,20.0,8.0,2.070950594454669,0.0,4.0,12.0,4.0,0.0,0.2,0.6,0.2,0.0,1.0,1.0,0.0,0.0,0.0,0.0,2.0,0.0,0.0,0.0,1.0,0.0,1.0,0.0,0.0,0.0,0.0,1.0,0.0,0.0,0.0,0.0,0.0,0.0,0.0,0.0,0.0,0.0,0.0,0.0,0.0,0.0,0.0,0.0,0.0,0.0,0.0,0.0,0.0,0.0,0.0,0.0,0.0,0.0,0.0,0.0,0.0,0.0,0.0,0.0,0.0,0.0,0.0
attack,-249359     unin    ,union,union,seqgan_master,seqgan_master__phase2a__union__C__50__MASTER__raw_character__len20__gpre15__reward_off__seed88,15,20.0,10.0,2.6954618442383222,4.0,6.0,9.0,1.0,0.2,0.3,0.45,0.05,0.0,0.0,1.0,0.0,0.0,0.0,0.0,0.0,0.0,0.0,0.0,1.0,0.0,0.0,0.0,0.0,0.0,0.0,0.0,0.0,0.0,0.0,0.0,0.0,0.0,0.0,0.0,0.0,0.0,0.0,0.0,0.0,0.0,0.0,0.0,0.0,0.0,0.0,0.0,0.0,0.0,0.0,0.0,0.0,0.0,0.0,0.0,0.0,0.0,0.0,0.0,0.0,0.0,0.0
attack,"-657"" ) union   aon ",union,union,seqgan_master,seqgan_master__phase2a__union__C__50__MASTER__raw_character__len20__gpre15__reward_off__seed88,16,20.0,12.0,3.2086949695628424,8.0,3.0,6.0,3.0,0.4,0.15,0.3,0.15,0.0,1.0,1.0,0.0,0.0,0.0,0.0,1.0,0.0,0.0,0.0,1.0,0.0,1.0,0.0,0.0,0.0,0.0,1.0,0.0,0.0,0.0,0.0,0.0,1.0,0.0,0.0,0.0,0.0,0.0,0.0,0.0,0.0,0.0,0.0,0.0,0.0,0.0,0.0,0.0,0.0,0.0,0.0,0.0,0.0,0.0,0.0,0.0,0.0,0.0,0.0,0.0,0.0,1.0
attack, sect )  m    m )   ,union,union,seqgan_master,seqgan_master__phase2a__union__C__50__MASTER__raw_character__len20__gpre15__reward_off__seed88,17,20.0,7.0,1.9709505944546688,6.0,0.0,12.0,2.0,0.3,0.0,0.6,0.1,0.0,0.0,0.0,0.0,0.0,0.0,0.0,2.0,0.0,0.0,0.0,0.0,0.0,0.0,0.0,0.0,0.0,0.0,1.0,0.0,0.0,0.0,0.0,0.0,0.0,0.0,0.0,0.0,0.0,0.0,0.0,0.0,0.0,0.0,0.0,0.0,0.0,0.0,0.0,0.0,0.0,0.0,0.0,0.0,0.0,0.0,0.0,0.0,0.0,0.0,0.0,0.0,0.0,0.0
attack,-779 3 6   useleect ,union,union,seqgan_master,seqgan_master__phase2a__union__C__50__MASTER__raw_character__len20__gpre15__reward_off__seed88,18,20.0,12.0,3.2086949695628424,8.0,5.0,6.0,1.0,0.4,0.25,0.3,0.05,0.0,0.0,1.0,0.0,0.0,0.0,0.0,0.0,0.0,0.0,0.0,1.0,0.0,0.0,0.0,0.0,0.0,0.0,0.0,0.0,0.0,0.0,0.0,0.0,0.0,0.0,0.0,0.0,0.0,0.0,0.0,0.0,0.0,0.0,0.0,0.0,0.0,0.0,0.0,0.0,0.0,0.0,0.0,0.0,0.0,0.0,0.0,0.0,0.0,0.0,0.0,0.0,0.0,0.0
attack,-8098   )   )      s,union,union,seqgan_master,seqgan_master__phase2a__union__C__50__MASTER__raw_character__len20__gpre15__reward_off__seed88,19,20.0,7.0,1.9709505944546688,1.0,4.0,12.0,3.0,0.05,0.2,0.6,0.15,0.0,0.0,1.0,0.0,0.0,0.0,0.0,2.0,0.0,0.0,0.0,1.0,0.0,0.0,0.0,0.0,0.0,0.0,1.0,0.0,0.0,0.0,0.0,0.0,0.0,0.0,0.0,0.0,0.0,0.0,0.0,0.0,0.0,0.0,0.0,0.0,0.0,0.0,0.0,0.0,0.0,0.0,0.0,0.0,0.0,0.0,0.0,0.0,0.0,0.0,0.0,0.0,0.0,0.0
attack,-144248'  )     )   ,union,union,seqgan_master,seqgan_master__phase2a__union__C__50__MASTER__raw_character__len20__gpre15__reward_off__seed88,20,20.0,8.0,2.323219672335508,0.0,6.0,10.0,4.0,0.0,0.3,0.5,0.2,1.0,0.0,1.0,0.0,0.0,0.0,0.0,2.0,0.0,0.0,0.0,1.0,1.0,0.0,0.0,0.0,0.0,0.0,1.0,0.0,0.0,0.0,0.0,0.0,0.0,0.0,0.0,0.0,0.0,0.0,0.0,0.0,0.0,0.0,0.0,0.0,0.0,0.0,0.0,0.0,0.0,0.0,0.0,0.0,0.0,0.0,0.0,0.0,0.0,0.0,0.0,0.0,0.0,0.0
attack,-4692' )     )     ),union,union,seqgan_master,seqgan_master__phase2a__union__C__50__MASTER__raw_character__len20__gpre15__reward_off__seed88,21,20.0,8.0,2.1814963295286756,0.0,4.0,11.0,5.0,0.0,0.2,0.55,0.25,1.0,0.0,1.0,0.0,0.0,0.0,0.0,3.0,0.0,0.0,0.0,1.0,1.0,0.0,0.0,0.0,0.0,0.0,1.0,0.0,0.0,0.0,0.0,0.0,0.0,0.0,0.0,0.0,0.0,0.0,0.0,0.0,0.0,0.0,0.0,0.0,0.0,0.0,0.0,0.0,0.0,0.0,0.0,0.0,0.0,0.0,0.0,0.0,0.0,0.0,0.0,0.0,0.0,0.0
attack,1  )     )    )     ,union,union,seqgan_master,seqgan_master__phase2a__union__C__50__MASTER__raw_character__len20__gpre15__reward_off__seed88,22,20.0,3.0,0.8841837197791889,0.0,1.0,16.0,3.0,0.0,0.05,0.8,0.15,0.0,0.0,0.0,0.0,0.0,0.0,0.0,3.0,0.0,0.0,0.0,0.0,0.0,0.0,0.0,0.0,0.0,0.0,1.0,0.0,0.0,0.0,0.0,0.0,0.0,0.0,0.0,0.0,0.0,0.0,0.0,0.0,0.0,0.0,0.0,0.0,0.0,0.0,0.0,0.0,0.0,0.0,0.0,0.0,0.0,0.0,0.0,0.0,0.0,0.0,0.0,0.0,0.0,0.0
attack,-79-094' ue6 )  )   ,union,union,seqgan_master,seqgan_master__phase2a__union__C__50__MASTER__raw_character__len20__gpre15__reward_off__seed88,23,20.0,11.0,3.039353872167201,2.0,6.0,7.0,5.0,0.1,0.3,0.35,0.25,1.0,0.0,2.0,0.0,0.0,0.0,0.0,2.0,0.0,0.0,0.0,2.0,1.0,0.0,0.0,0.0,0.0,0.0,1.0,0.0,0.0,0.0,0.0,0.0,0.0,0.0,0.0,0.0,0.0,0.0,0.0,0.0,0.0,0.0,0.0,0.0,0.0,0.0,0.0,0.0,0.0,0.0,0.0,0.0,0.0,0.0,0.0,0.0,0.0,0.0,0.0,0.0,0.0,0.0
attack,"""5   )      )     ) ",union,union,seqgan_master,seqgan_master__phase2a__union__C__50__MASTER__raw_character__len20__gpre15__reward_off__seed88,24,20.0,4.0,1.1540157730728,0.0,1.0,15.0,4.0,0.0,0.05,0.75,0.2,0.0,1.0,0.0,0.0,0.0,0.0,0.0,3.0,0.0,0.0,0.0,0.0,0.0,1.0,0.0,0.0,0.0,0.0,1.0,0.0,0.0,0.0,0.0,0.0,0.0,0.0,0.0,0.0,0.0,0.0,0.0,0.0,0.0,0.0,0.0,0.0,0.0,0.0,0.0,0.0,0.0,0.0,0.0,0.0,0.0,0.0,0.0,0.0,0.0,0.0,0.0,0.0,0.0,0.0
attack,-78540   )      )   ,union,union,seqgan_master,seqgan_master__phase2a__union__C__50__MASTER__raw_character__len20__gpre15__reward_off__seed88,25,20.0,8.0,2.070950594454669,0.0,5.0,12.0,3.0,0.0,0.25,0.6,0.15,0.0,0.0,1.0,0.0,0.0,0.0,0.0,2.0,0.0,0.0,0.0,1.0,0.0,0.0,0.0,0.0,0.0,0.0,1.0,0.0,0.0,0.0,0.0,0.0,0.0,0.0,0.0,0.0,0.0,0.0,0.0,0.0,0.0,0.0,0.0,0.0,0.0,0.0,0.0,0.0,0.0,0.0,0.0,0.0,0.0,0.0,0.0,0.0,0.0,0.0,0.0,0.0,0.0,0.0
attack,"-""8'1   )     )     ",union,union,seqgan_master,seqgan_master__phase2a__union__C__50__MASTER__raw_character__len20__gpre15__reward_off__seed88,26,20.0,7.0,1.8166422780956526,0.0,2.0,13.0,5.0,0.0,0.1,0.65,0.25,1.0,1.0,1.0,0.0,0.0,0.0,0.0,2.0,0.0,0.0,0.0,1.0,1.0,1.0,0.0,0.0,0.0,0.0,1.0,0.0,0.0,0.0,0.0,0.0,0.0,0.0,0.0,0.0,0.0,0.0,0.0,0.0,0.0,0.0,0.0,0.0,0.0,0.0,0.0,0.0,0.0,0.0,0.0,0.0,0.0,0.0,0.0,0.0,0.0,0.0,0.0,0.0,0.0,0.0
attack,-142915%    a%    ) ,union,union,seqgan_master,seqgan_master__phase2a__union__C__50__MASTER__raw_character__len20__gpre15__reward_off__seed88,27,20.0,10.0,2.6954618442383222,1.0,6.0,9.0,4.0,0.05,0.3,0.45,0.2,0.0,0.0,1.0,0.0,0.0,0.0,0.0,1.0,2.0,0.0,0.0,1.0,0.0,0.0,0.0,0.0,0.0,0.0,1.0,0.0,0.0,0.0,0.0,0.0,0.0,0.0,0.0,0.0,0.0,0.0,0.0,0.0,0.0,0.0,0.0,0.0,0.0,0.0,0.0,0.0,0.0,0.0,0.0,0.0,0.0,0.0,0.0,0.0,0.0,0.0,0.0,0.0,0.0,0.0
attack,"-990028""    )     us",union,union,seqgan_master,seqgan_master__phase2a__union__C__50__MASTER__raw_character__len20__gpre15__reward_off__seed88,28,20.0,10.0,2.6954618442383222,2.0,6.0,9.0,3.0,0.1,0.3,0.45,0.15,0.0,1.0,1.0,0.0,0.0,0.0,0.0,1.0,0.0,0.0,0.0,1.0,0.0,1.0,0.0,0.0,0.0,0.0,1.0,0.0,0.0,0.0,0.0,0.0,0.0,0.0,0.0,0.0,0.0,0.0,0.0,0.0,0.0,0.0,0.0,0.0,0.0,0.0,0.0,0.0,0.0,0.0,0.0,0.0,0.0,0.0,0.0,0.0,0.0,0.0,0.0,0.0,0.0,0.0
attack,-495' )             ,union,union,seqgan_master,seqgan_master__phase2a__union__C__50__MASTER__raw_character__len20__gpre15__reward_off__seed88,29,20.0,7.0,1.6567796494470397,0.0,3.0,14.0,3.0,0.0,0.15,0.7,0.15,1.0,0.0,1.0,0.0,0.0,0.0,0.0,1.0,0.0,0.0,0.0,1.0,1.0,0.0,0.0,0.0,0.0,0.0,1.0,0.0,0.0,0.0,0.0,0.0,0.0,0.0,0.0,0.0,0.0,0.0,0.0,0.0,0.0,0.0,0.0,0.0,0.0,0.0,0.0,0.0,0.0,0.0,0.0,0.0,0.0,0.0,0.0,0.0,0.0,0.0,0.0,0.0,0.0,0.0
attack,-41717   )     un   ,union,union,seqgan_master,seqgan_master__phase2a__union__C__50__MASTER__raw_character__len20__gpre15__reward_off__seed88,30,20.0,8.0,2.219240704636849,2.0,5.0,11.0,2.0,0.1,0.25,0.55,0.1,0.0,0.0,1.0,0.0,0.0,0.0,0.0,1.0,0.0,0.0,0.0,1.0,0.0,0.0,0.0,0.0,0.0,0.0,1.0,0.0,0.0,0.0,0.0,0.0,0.0,0.0,0.0,0.0,0.0,0.0,0.0,0.0,0.0,0.0,0.0,0.0,0.0,0.0,0.0,0.0,0.0,0.0,0.0,0.0,0.0,0.0,0.0,0.0,0.0,0.0,0.0,0.0,0.0,0.0
attack,51%  %   )   )aion  ,union,union,seqgan_master,seqgan_master__phase2a__union__C__50__MASTER__raw_character__len20__gpre15__reward_off__seed88,31,20.0,9.0,2.4609640474436816,4.0,2.0,10.0,4.0,0.2,0.1,0.5,0.2,0.0,0.0,0.0,0.0,0.0,0.0,0.0,2.0,2.0,0.0,0.0,0.0,0.0,0.0,0.0,0.0,0.0,0.0,1.0,0.0,0.0,0.0,0.0,0.0,0.0,0.0,0.0,0.0,0.0,0.0,0.0,0.0,0.0,0.0,0.0,0.0,0.0,0.0,0.0,0.0,0.0,0.0,0.0,0.0,0.0,0.0,0.0,0.0,0.0,0.0,0.0,0.0,0.0,0.0
attack,-84%'  )     sere n6,union,union,seqgan_master,seqgan_master__phase2a__union__C__50__MASTER__raw_character__len20__gpre15__reward_off__seed88,32,20.0,12.0,3.0219280948873624,5.0,3.0,8.0,4.0,0.25,0.15,0.4,0.2,1.0,0.0,1.0,0.0,0.0,0.0,0.0,1.0,1.0,0.0,0.0,1.0,1.0,0.0,0.0,0.0,0.0,0.0,1.0,0.0,0.0,0.0,0.0,0.0,0.0,0.0,0.0,0.0,0.0,0.0,0.0,0.0,0.0,0.0,0.0,0.0,0.0,0.0,0.0,0.0,0.0,0.0,0.0,0.0,0.0,0.0,0.0,0.0,0.0,0.0,0.0,0.0,0.0,0.0
attack,-332E  )    )     ) ,union,union,seqgan_master,seqgan_master__phase2a__union__C__50__MASTER__raw_character__len20__gpre15__reward_off__seed88,33,20.0,6.0,1.8332062193464953,1.0,3.0,12.0,4.0,0.05,0.15,0.6,0.2,0.0,0.0,1.0,0.0,0.0,0.0,0.0,3.0,0.0,0.0,0.0,1.0,0.0,0.0,0.0,0.0,0.0,0.0,1.0,0.0,0.0,0.0,0.0,0.0,0.0,0.0,0.0,0.0,0.0,0.0,0.0,0.0,0.0,0.0,0.0,0.0,0.0,0.0,0.0,0.0,0.0,0.0,0.0,0.0,0.0,0.0,0.0,0.0,0.0,0.0,0.0,0.0,0.0,0.0
attack,-74541e'  )     )   ,union,union,seqgan_master,seqgan_master__phase2a__union__C__50__MASTER__raw_character__len20__gpre15__reward_off__seed88,34,20.0,9.0,2.4609640474436816,1.0,5.0,10.0,4.0,0.05,0.25,0.5,0.2,1.0,0.0,1.0,0.0,0.0,0.0,0.0,2.0,0.0,0.0,0.0,1.0,1.0,0.0,0.0,0.0,0.0,0.0,1.0,0.0,0.0,0.0,0.0,0.0,0.0,0.0,0.0,0.0,0.0,0.0,0.0,0.0,0.0,0.0,0.0,0.0,0.0,0.0,0.0,0.0,0.0,0.0,0.0,0.0,0.0,0.0,0.0,0.0,0.0,0.0,0.0,0.0,0.0,0.0
attack,-700   useeler87 0v2,union,union,seqgan_master,seqgan_master__phase2a__union__C__50__MASTER__raw_character__len20__gpre15__reward_off__seed88,35,20.0,12.0,3.3464393446710154,8.0,7.0,4.0,1.0,0.4,0.35,0.2,0.05,0.0,0.0,1.0,0.0,0.0,0.0,0.0,0.0,0.0,0.0,0.0,1.0,0.0,0.0,0.0,0.0,0.0,0.0,0.0,0.0,0.0,0.0,0.0,0.0,0.0,0.0,0.0,0.0,0.0,0.0,0.0,0.0,0.0,0.0,0.0,0.0,0.0,0.0,0.0,0.0,0.0,0.0,0.0,0.0,0.0,0.0,0.0,0.0,0.0,0.0,0.0,0.0,0.0,0.0
attack,-49600 )    un  )   ,union,union,seqgan_master,seqgan_master__phase2a__union__C__50__MASTER__raw_character__len20__gpre15__reward_off__seed88,36,20.0,9.0,2.4609640474436816,2.0,5.0,10.0,3.0,0.1,0.25,0.5,0.15,0.0,0.0,1.0,0.0,0.0,0.0,0.0,2.0,0.0,0.0,0.0,1.0,0.0,0.0,0.0,0.0,0.0,0.0,1.0,0.0,0.0,0.0,0.0,0.0,0.0,0.0,0.0,0.0,0.0,0.0,0.0,0.0,0.0,0.0,0.0,0.0,0.0,0.0,0.0,0.0,0.0,0.0,0.0,0.0,0.0,0.0,0.0,0.0,0.0,0.0,0.0,0.0,0.0,0.0
attack,-4479  )    fr   )  ,union,union,seqgan_master,seqgan_master__phase2a__union__C__50__MASTER__raw_character__len20__gpre15__reward_off__seed88,37,20.0,8.0,2.219240704636849,2.0,4.0,11.0,3.0,0.1,0.2,0.55,0.15,0.0,0.0,1.0,0.0,0.0,0.0,0.0,2.0,0.0,0.0,0.0,1.0,0.0,0.0,0.0,0.0,0.0,0.0,1.0,0.0,0.0,0.0,0.0,0.0,0.0,0.0,0.0,0.0,0.0,0.0,0.0,0.0,0.0,0.0,0.0,0.0,0.0,0.0,0.0,0.0,0.0,0.0,0.0,0.0,0.0,0.0,0.0,0.0,0.0,0.0,0.0,0.0,0.0,0.0
attack, sect from user' )  ,union,union,seqgan_master,seqgan_master__phase2a__union__C__50__MASTER__raw_character__len20__gpre15__reward_off__seed88,38,20.0,12.0,3.246439344671016,12.0,0.0,6.0,2.0,0.6,0.0,0.3,0.1,1.0,0.0,0.0,0.0,0.0,0.0,0.0,1.0,0.0,0.0,0.0,0.0,1.0,0.0,0.0,0.0,0.0,0.0,1.0,0.0,0.0,0.0,0.0,0.0,0.0,0.0,1.0,0.0,0.0,0.0,0.0,0.0,0.0,0.0,0.0,0.0,0.0,0.0,0.0,0.0,0.0,0.0,0.0,0.0,0.0,0.0,0.0,0.0,0.0,0.0,0.0,0.0,0.0,1.0
attack,' )    froon   )   (,union,union,seqgan_master,seqgan_master__phase2a__union__C__50__MASTER__raw_character__len20__gpre15__reward_off__seed88,39,20.0,8.0,2.219240704636849,5.0,0.0,11.0,4.0,0.25,0.0,0.55,0.2,1.0,0.0,0.0,0.0,0.0,0.0,0.0,3.0,0.0,0.0,0.0,0.0,1.0,0.0,0.0,0.0,0.0,0.0,1.0,0.0,0.0,0.0,0.0,0.0,0.0,0.0,0.0,0.0,0.0,0.0,0.0,0.0,0.0,0.0,0.0,0.0,0.0,0.0,0.0,0.0,0.0,0.0,0.0,0.0,0.0,0.0,0.0,0.0,0.0,0.0,0.0,0.0,0.0,0.0
attack,1'  )      from   ) ,union,union,seqgan_master,seqgan_master__phase2a__union__C__50__MASTER__raw_character__len20__gpre15__reward_off__seed88,40,20.0,8.0,2.070950594454669,4.0,1.0,12.0,3.0,0.2,0.05,0.6,0.15,1.0,0.0,0.0,0.0,0.0,0.0,0.0,2.0,0.0,0.0,0.0,0.0,1.0,0.0,0.0,0.0,0.0,0.0,1.0,0.0,0.0,0.0,0.0,0.0,0.0,0.0,1.0,0.0,0.0,0.0,0.0,0.0,0.0,0.0,0.0,0.0,0.0,0.0,0.0,0.0,0.0,0.0,0.0,0.0,0.0,0.0,0.0,0.0,0.0,0.0,0.0,0.0,0.0,1.0
attack,-10800 f0    use ect,union,union,seqgan_master,seqgan_master__phase2a__union__C__50__MASTER__raw_character__len20__gpre15__reward_off__seed88,41,20.0,11.0,3.0464393446710156,7.0,6.0,6.0,1.0,0.35,0.3,0.3,0.05,0.0,0.0,1.0,0.0,0.0,0.0,0.0,0.0,0.0,0.0,0.0,1.0,0.0,0.0,0.0,0.0,0.0,0.0,0.0,0.0,0.0,0.0,0.0,0.0,0.0,0.0,0.0,0.0,0.0,0.0,0.0,0.0,0.0,0.0,0.0,0.0,0.0,0.0,0.0,0.0,0.0,0.0,0.0,0.0,0.0,0.0,0.0,0.0,0.0,0.0,0.0,0.0,0.0,0.0
attack,-094847    )      ) ,union,union,seqgan_master,seqgan_master__phase2a__union__C__50__MASTER__raw_character__len20__gpre15__reward_off__seed88,42,20.0,8.0,2.219240704636849,0.0,6.0,11.0,3.0,0.0,0.3,0.55,0.15,0.0,0.0,1.0,0.0,0.0,0.0,0.0,2.0,0.0,0.0,0.0,1.0,0.0,0.0,0.0,0.0,0.0,0.0,1.0,0.0,0.0,0.0,0.0,0.0,0.0,0.0,0.0,0.0,0.0,0.0,0.0,0.0,0.0,0.0,0.0,0.0,0.0,0.0,0.0,0.0,0.0,0.0,0.0,0.0,0.0,0.0,0.0,0.0,0.0,0.0,0.0,0.0,0.0,0.0
attack,1'  he  82   )    ) ,union,union,seqgan_master,seqgan_master__phase2a__union__C__50__MASTER__raw_character__len20__gpre15__reward_off__seed88,43,20.0,8.0,2.070950594454669,2.0,3.0,12.0,3.0,0.1,0.15,0.6,0.15,1.0,0.0,0.0,0.0,0.0,0.0,0.0,2.0,0.0,0.0,0.0,0.0,1.0,0.0,0.0,0.0,0.0,0.0,1.0,0.0,0.0,0.0,0.0,0.0,0.0,0.0,0.0,0.0,0.0,0.0,0.0,0.0,0.0,0.0,0.0,0.0,0.0,0.0,0.0,0.0,0.0,0.0,0.0,0.0,0.0,0.0,0.0,0.0,0.0,0.0,0.0,0.0,0.0,0.0
attack,-0880'    )        ),union,union,seqgan_master,seqgan_master__phase2a__union__C__50__MASTER__raw_character__len20__gpre15__reward_off__seed88,44,20.0,6.0,1.8709505944546687,0.0,4.0,12.0,4.0,0.0,0.2,0.6,0.2,1.0,0.0,1.0,0.0,0.0,0.0,0.0,2.0,0.0,0.0,0.0,1.0,1.0,0.0,0.0,0.0,0.0,0.0,1.0,0.0,0.0,0.0,0.0,0.0,0.0,0.0,0.0,0.0,0.0,0.0,0.0,0.0,0.0,0.0,0.0,0.0,0.0,0.0,0.0,0.0,0.0,0.0,0.0,0.0,0.0,0.0,0.0,0.0,0.0,0.0,0.0,0.0,0.0,0.0
attack,-48732 0e  )        ,union,union,seqgan_master,seqgan_master__phase2a__union__C__50__MASTER__raw_character__len20__gpre15__reward_off__seed88,45,20.0,10.0,2.419240704636849,1.0,6.0,11.0,2.0,0.05,0.3,0.55,0.1,0.0,0.0,1.0,0.0,0.0,0.0,0.0,1.0,0.0,0.0,0.0,1.0,0.0,0.0,0.0,0.0,0.0,0.0,1.0,0.0,0.0,0.0,0.0,0.0,0.0,0.0,0.0,0.0,0.0,0.0,0.0,0.0,0.0,0.0,0.0,0.0,0.0,0.0,0.0,0.0,0.0,0.0,0.0,0.0,0.0,0.0,0.0,0.0,0.0,0.0,0.0,0.0,0.0,0.0
attack,-460721   )      uni,union,union,seqgan_master,seqgan_master__phase2a__union__C__50__MASTER__raw_character__len20__gpre15__reward_off__seed88,46,20.0,12.0,2.895461844238322,3.0,6.0,9.0,2.0,0.15,0.3,0.45,0.1,0.0,0.0,1.0,0.0,0.0,0.0,0.0,1.0,0.0,0.0,0.0,1.0,0.0,0.0,0.0,0.0,0.0,0.0,1.0,0.0,0.0,0.0,0.0,0.0,0.0,0.0,0.0,0.0,0.0,0.0,0.0,0.0,0.0,0.0,0.0,0.0,0.0,0.0,0.0,0.0,0.0,0.0,0.0,0.0,0.0,0.0,0.0,0.0,0.0,0.0,0.0,0.0,0.0,0.0
attack,"-6'""       )      ) ",union,union,seqgan_master,seqgan_master__phase2a__union__C__50__MASTER__raw_character__len20__gpre15__reward_off__seed88,47,20.0,6.0,1.5567796494470396,0.0,1.0,14.0,5.0,0.0,0.05,0.7,0.25,1.0,1.0,1.0,0.0,0.0,0.0,0.0,2.0,0.0,0.0,0.0,1.0,1.0,1.0,0.0,0.0,0.0,0.0,1.0,0.0,0.0,0.0,0.0,0.0,0.0,0.0,0.0,0.0,0.0,0.0,0.0,0.0,0.0,0.0,0.0,0.0,0.0,0.0,0.0,0.0,0.0,0.0,0.0,0.0,0.0,0.0,0.0,0.0,0.0,0.0,0.0,0.0,0.0,0.0
attack,1  )    wheaj  usele,union,union,seqgan_master,seqgan_master__phase2a__union__C__50__MASTER__raw_character__len20__gpre15__reward_off__seed88,48,20.0,11.0,2.884183719779189,10.0,1.0,8.0,1.0,0.5,0.05,0.4,0.05,0.0,0.0,0.0,0.0,0.0,0.0,0.0,1.0,0.0,0.0,0.0,0.0,0.0,0.0,0.0,0.0,0.0,0.0,1.0,0.0,0.0,0.0,0.0,0.0,0.0,0.0,0.0,0.0,0.0,0.0,0.0,0.0,0.0,0.0,0.0,0.0,0.0,0.0,0.0,0.0,0.0,0.0,0.0,0.0,0.0,0.0,0.0,0.0,0.0,0.0,0.0,0.0,0.0,0.0
attack,-388825  )     )    ,union,union,seqgan_master,seqgan_master__phase2a__union__C__50__MASTER__raw_character__len20__gpre15__reward_off__seed88,49,20.0,7.0,2.0814963295286755,0.0,6.0,11.0,3.0,0.0,0.3,0.55,0.15,0.0,0.0,1.0,0.0,0.0,0.0,0.0,2.0,0.0,0.0,0.0,1.0,0.0,0.0,0.0,0.0,0.0,0.0,1.0,0.0,0.0,0.0,0.0,0.0,0.0,0.0,0.0,0.0,0.0,0.0,0.0,0.0,0.0,0.0,0.0,0.0,0.0,0.0,0.0,0.0,0.0,0.0,0.0,0.0,0.0,0.0,0.0,0.0,0.0,0.0,0.0,0.0,0.0,0.0
attack,1' )       )       a,union,union,seqgan_master,seqgan_master__phase2a__union__C__50__MASTER__raw_character__len20__gpre15__reward_off__seed88,50,20.0,5.0,1.2917601481809735,1.0,1.0,15.0,3.0,0.05,0.05,0.75,0.15,1.0,0.0,0.0,0.0,0.0,0.0,0.0,2.0,0.0,0.0,0.0,0.0,1.0,0.0,0.0,0.0,0.0,0.0,1.0,0.0,0.0,0.0,0.0,0.0,0.0,0.0,0.0,0.0,0.0,0.0,0.0,0.0,0.0,0.0,0.0,0.0,0.0,0.0,0.0,0.0,0.0,0.0,0.0,0.0,0.0,0.0,0.0,0.0,0.0,0.0,0.0,0.0,0.0,0.0
attack,-8230e 1  )     )   ,union,union,seqgan_master,seqgan_master__phase2a__union__C__50__MASTER__raw_character__len20__gpre15__reward_off__seed88,51,20.0,9.0,2.319240704636849,1.0,5.0,11.0,3.0,0.05,0.25,0.55,0.15,0.0,0.0,1.0,0.0,0.0,0.0,0.0,2.0,0.0,0.0,0.0,1.0,0.0,0.0,0.0,0.0,0.0,0.0,1.0,0.0,0.0,0.0,0.0,0.0,0.0,0.0,0.0,0.0,0.0,0.0,0.0,0.0,0.0,0.0,0.0,0.0,0.0,0.0,0.0,0.0,0.0,0.0,0.0,0.0,0.0,0.0,0.0,0.0,0.0,0.0,0.0,0.0,0.0,0.0
attack,1%  )   fr     ihele,union,union,seqgan_master,seqgan_master__phase2a__union__C__50__MASTER__raw_character__len20__gpre15__reward_off__seed88,52,20.0,10.0,2.5609640474436812,7.0,1.0,10.0,2.0,0.35,0.05,0.5,0.1,0.0,0.0,0.0,0.0,0.0,0.0,0.0,1.0,1.0,0.0,0.0,0.0,0.0,0.0,0.0,0.0,0.0,0.0,1.0,0.0,0.0,0.0,0.0,0.0,0.0,0.0,0.0,0.0,0.0,0.0,0.0,0.0,0.0,0.0,0.0,0.0,0.0,0.0,0.0,0.0,0.0,0.0,0.0,0.0,0.0,0.0,0.0,0.0,0.0,0.0,0.0,0.0,0.0,0.0
attack,"-6418""    )    )    ",union,union,seqgan_master,seqgan_master__phase2a__union__C__50__MASTER__raw_character__len20__gpre15__reward_off__seed88,53,20.0,8.0,2.070950594454669,0.0,4.0,12.0,4.0,0.0,0.2,0.6,0.2,0.0,1.0,1.0,0.0,0.0,0.0,0.0,2.0,0.0,0.0,0.0,1.0,0.0,1.0,0.0,0.0,0.0,0.0,1.0,0.0,0.0,0.0,0.0,0.0,0.0,0.0,0.0,0.0,0.0,0.0,0.0,0.0,0.0,0.0,0.0,0.0,0.0,0.0,0.0,0.0,0.0,0.0,0.0,0.0,0.0,0.0,0.0,0.0,0.0,0.0,0.0,0.0,0.0,0.0
attack, 9    )   )    )   u,union,union,seqgan_master,seqgan_master__phase2a__union__C__50__MASTER__raw_character__len20__gpre15__reward_off__seed88,54,20.0,4.0,1.1540157730728,1.0,1.0,15.0,3.0,0.05,0.05,0.75,0.15,0.0,0.0,0.0,0.0,0.0,0.0,0.0,3.0,0.0,0.0,0.0,0.0,0.0,0.0,0.0,0.0,0.0,0.0,1.0,0.0,0.0,0.0,0.0,0.0,0.0,0.0,0.0,0.0,0.0,0.0,0.0,0.0,0.0,0.0,0.0,0.0,0.0,0.0,0.0,0.0,0.0,0.0,0.0,0.0,0.0,0.0,0.0,0.0,0.0,0.0,0.0,0.0,0.0,0.0
attack,"1""%     )      use e",union,union,seqgan_master,seqgan_master__phase2a__union__C__50__MASTER__raw_character__len20__gpre15__reward_off__seed88,55,20.0,8.0,2.070950594454669,4.0,1.0,12.0,3.0,0.2,0.05,0.6,0.15,0.0,1.0,0.0,0.0,0.0,0.0,0.0,1.0,1.0,0.0,0.0,0.0,0.0,1.0,0.0,0.0,0.0,0.0,1.0,0.0,0.0,0.0,0.0,0.0,0.0,0.0,0.0,0.0,0.0,0.0,0.0,0.0,0.0,0.0,0.0,0.0,0.0,0.0,0.0,0.0,0.0,0.0,0.0,0.0,0.0,0.0,0.0,0.0,0.0,0.0,0.0,0.0,0.0,0.0
attack, select  from  users,union,union,seqgan_master,seqgan_master__phase2a__union__C__50__MASTER__raw_character__len20__gpre15__reward_off__seed88,56,20.0,11.0,3.165957320949175,15.0,0.0,5.0,0.0,0.75,0.0,0.25,0.0,0.0,0.0,0.0,0.0,0.0,0.0,0.0,0.0,0.0,0.0,0.0,0.0,0.0,0.0,0.0,0.0,0.0,0.0,0.0,0.0,0.0,0.0,0.0,1.0,0.0,0.0,1.0,0.0,0.0,0.0,0.0,0.0,0.0,0.0,0.0,0.0,0.0,0.0,0.0,0.0,0.0,0.0,0.0,0.0,0.0,0.0,0.0,0.0,0.0,0.0,0.0,0.0,0.0,2.0
attack,-90457  )   )     ) ,union,union,seqgan_master,seqgan_master__phase2a__union__C__50__MASTER__raw_character__len20__gpre15__reward_off__seed88,57,20.0,8.0,2.1814963295286756,0.0,5.0,11.0,4.0,0.0,0.25,0.55,0.2,0.0,0.0,1.0,0.0,0.0,0.0,0.0,3.0,0.0,0.0,0.0,1.0,0.0,0.0,0.0,0.0,0.0,0.0,1.0,0.0,0.0,0.0,0.0,0.0,0.0,0.0,0.0,0.0,0.0,0.0,0.0,0.0,0.0,0.0,0.0,0.0,0.0,0.0,0.0,0.0,0.0,0.0,0.0,0.0,0.0,0.0,0.0,0.0,0.0,0.0,0.0,0.0,0.0,0.0
attack, e) )  u   )      ) ,union,union,seqgan_master,seqgan_master__phase2a__union__C__50__MASTER__raw_character__len20__gpre15__reward_off__seed88,58,20.0,4.0,1.2567796494470396,2.0,0.0,14.0,4.0,0.1,0.0,0.7,0.2,0.0,0.0,0.0,0.0,0.0,0.0,0.0,4.0,0.0,0.0,0.0,0.0,0.0,0.0,0.0,0.0,0.0,0.0,1.0,0.0,0.0,0.0,0.0,0.0,0.0,0.0,0.0,0.0,0.0,0.0,0.0,0.0,0.0,0.0,0.0,0.0,0.0,0.0,0.0,0.0,0.0,0.0,0.0,0.0,0.0,0.0,0.0,0.0,0.0,0.0,0.0,0.0,0.0,0.0
attack,-79467  ) )   )m    ,union,union,seqgan_master,seqgan_master__phase2a__union__C__50__MASTER__raw_character__len20__gpre15__reward_off__seed88,59,20.0,8.0,2.323219672335508,1.0,5.0,10.0,4.0,0.05,0.25,0.5,0.2,0.0,0.0,1.0,0.0,0.0,0.0,0.0,3.0,0.0,0.0,0.0,1.0,0.0,0.0,0.0,0.0,0.0,0.0,1.0,0.0,0.0,0.0,0.0,0.0,0.0,0.0,0.0,0.0,0.0,0.0,0.0,0.0,0.0,0.0,0.0,0.0,0.0,0.0,0.0,0.0,0.0,0.0,0.0,0.0,0.0,0.0,0.0,0.0,0.0,0.0,0.0,0.0,0.0,0.0
attack,-284042% u%   )    ),union,union,seqgan_master,seqgan_master__phase2a__union__C__50__MASTER__raw_character__len20__gpre15__reward_off__seed88,60,20.0,9.0,2.7219280948873625,1.0,6.0,8.0,5.0,0.05,0.3,0.4,0.25,0.0,0.0,1.0,0.0,0.0,0.0,0.0,2.0,2.0,0.0,0.0,1.0,0.0,0.0,0.0,0.0,0.0,0.0,1.0,0.0,0.0,0.0,0.0,0.0,0.0,0.0,0.0,0.0,0.0,0.0,0.0,0.0,0.0,0.0,0.0,0.0,0.0,0.0,0.0,0.0,0.0,0.0,0.0,0.0,0.0,0.0,0.0,0.0,0.0,0.0,0.0,0.0,0.0,0.0
attack,"-74""  )    from    u",union,union,seqgan_master,seqgan_master__phase2a__union__C__50__MASTER__raw_character__len20__gpre15__reward_off__seed88,61,20.0,11.0,2.6609640474436813,5.0,2.0,10.0,3.0,0.25,0.1,0.5,0.15,0.0,1.0,1.0,0.0,0.0,0.0,0.0,1.0,0.0,0.0,0.0,1.0,0.0,1.0,0.0,0.0,0.0,0.0,1.0,0.0,0.0,0.0,0.0,0.0,0.0,0.0,1.0,0.0,0.0,0.0,0.0,0.0,0.0,0.0,0.0,0.0,0.0,0.0,0.0,0.0,0.0,0.0,0.0,0.0,0.0,0.0,0.0,0.0,0.0,0.0,0.0,0.0,0.0,1.0
attack,-554789     )  )    ,union,union,seqgan_master,seqgan_master__phase2a__union__C__50__MASTER__raw_character__len20__gpre15__reward_off__seed88,62,20.0,8.0,2.219240704636849,0.0,6.0,11.0,3.0,0.0,0.3,0.55,0.15,0.0,0.0,1.0,0.0,0.0,0.0,0.0,2.0,0.0,0.0,0.0,1.0,0.0,0.0,0.0,0.0,0.0,0.0,1.0,0.0,0.0,0.0,0.0,0.0,0.0,0.0,0.0,0.0,0.0,0.0,0.0,0.0,0.0,0.0,0.0,0.0,0.0,0.0,0.0,0.0,0.0,0.0,0.0,0.0,0.0,0.0,0.0,0.0,0.0,0.0,0.0,0.0,0.0,0.0
attack,-961') )     )      ,union,union,seqgan_master,seqgan_master__phase2a__union__C__50__MASTER__raw_character__len20__gpre15__reward_off__seed88,63,20.0,7.0,1.9332062193464954,0.0,3.0,12.0,5.0,0.0,0.15,0.6,0.25,1.0,0.0,1.0,0.0,0.0,0.0,0.0,3.0,0.0,0.0,0.0,1.0,1.0,0.0,0.0,0.0,0.0,0.0,1.0,0.0,0.0,0.0,0.0,0.0,0.0,0.0,0.0,0.0,0.0,0.0,0.0,0.0,0.0,0.0,0.0,0.0,0.0,0.0,0.0,0.0,0.0,0.0,0.0,0.0,0.0,0.0,0.0,0.0,0.0,0.0,0.0,0.0,0.0,0.0
attack,"-8972%""     )    un0",union,union,seqgan_master,seqgan_master__phase2a__union__C__50__MASTER__raw_character__len20__gpre15__reward_off__seed88,64,20.0,12.0,2.895461844238322,2.0,5.0,9.0,4.0,0.1,0.25,0.45,0.2,0.0,1.0,1.0,0.0,0.0,0.0,0.0,1.0,1.0,0.0,0.0,1.0,0.0,1.0,0.0,0.0,0.0,0.0,1.0,0.0,0.0,0.0,0.0,0.0,0.0,0.0,0.0,0.0,0.0,0.0,0.0,0.0,0.0,0.0,0.0,0.0,0.0,0.0,0.0,0.0,0.0,0.0,0.0,0.0,0.0,0.0,0.0,0.0,0.0,0.0,0.0,0.0,0.0,0.0
attack,'    )     )    )  ),union,union,seqgan_master,seqgan_master__phase2a__union__C__50__MASTER__raw_character__len20__gpre15__reward_off__seed88,65,20.0,3.0,0.9917601481809735,0.0,0.0,15.0,5.0,0.0,0.0,0.75,0.25,1.0,0.0,0.0,0.0,0.0,0.0,0.0,4.0,0.0,0.0,0.0,0.0,1.0,0.0,0.0,0.0,0.0,0.0,1.0,0.0,0.0,0.0,0.0,0.0,0.0,0.0,0.0,0.0,0.0,0.0,0.0,0.0,0.0,0.0,0.0,0.0,0.0,0.0,0.0,0.0,0.0,0.0,0.0,0.0,0.0,0.0,0.0,0.0,0.0,0.0,0.0,0.0,0.0,0.0
attack,  seect   * ahg s ) ,union,union,seqgan_master,seqgan_master__phase2a__union__C__50__MASTER__raw_character__len20__gpre15__reward_off__seed88,66,20.0,10.0,2.6954618442383222,9.0,0.0,9.0,2.0,0.45,0.0,0.45,0.1,0.0,0.0,0.0,0.0,1.0,0.0,0.0,1.0,0.0,0.0,0.0,1.0,0.0,0.0,0.0,0.0,0.0,0.0,1.0,0.0,0.0,0.0,0.0,0.0,0.0,0.0,0.0,0.0,0.0,0.0,0.0,0.0,0.0,0.0,0.0,0.0,0.0,0.0,0.0,0.0,0.0,0.0,0.0,0.0,0.0,0.0,0.0,0.0,0.0,0.0,0.0,0.0,0.0,0.0
attack,1'   ) )  asd  )    ,union,union,seqgan_master,seqgan_master__phase2a__union__C__50__MASTER__raw_character__len20__gpre15__reward_off__seed88,67,20.0,7.0,1.9332062193464954,3.0,1.0,12.0,4.0,0.15,0.05,0.6,0.2,1.0,0.0,0.0,0.0,0.0,0.0,0.0,3.0,0.0,0.0,0.0,0.0,1.0,0.0,0.0,0.0,0.0,0.0,1.0,0.0,0.0,0.0,0.0,0.0,0.0,0.0,0.0,0.0,0.0,0.0,0.0,0.0,0.0,0.0,0.0,0.0,0.0,0.0,0.0,0.0,0.0,0.0,0.0,0.0,0.0,0.0,0.0,0.0,0.0,0.0,0.0,0.0,0.0,0.0
attack,17''   )    uselelec,union,union,seqgan_master,seqgan_master__phase2a__union__C__50__MASTER__raw_character__len20__gpre15__reward_off__seed88,68,20.0,10.0,2.9016094970590274,8.0,2.0,7.0,3.0,0.4,0.1,0.35,0.15,2.0,0.0,0.0,0.0,0.0,0.0,0.0,1.0,0.0,0.0,0.0,0.0,1.0,0.0,0.0,0.0,0.0,0.0,1.0,0.0,0.0,0.0,0.0,0.0,0.0,0.0,0.0,0.0,0.0,0.0,0.0,0.0,0.0,0.0,0.0,0.0,0.0,0.0,0.0,0.0,0.0,0.0,0.0,0.0,0.0,0.0,0.0,0.0,0.0,0.0,0.0,0.0,0.0,0.0
attack,-941'   )     )     ,union,union,seqgan_master,seqgan_master__phase2a__union__C__50__MASTER__raw_character__len20__gpre15__reward_off__seed88,69,20.0,7.0,1.8166422780956526,0.0,3.0,13.0,4.0,0.0,0.15,0.65,0.2,1.0,0.0,1.0,0.0,0.0,0.0,0.0,2.0,0.0,0.0,0.0,1.0,1.0,0.0,0.0,0.0,0.0,0.0,1.0,0.0,0.0,0.0,0.0,0.0,0.0,0.0,0.0,0.0,0.0,0.0,0.0,0.0,0.0,0.0,0.0,0.0,0.0,0.0,0.0,0.0,0.0,0.0,0.0,0.0,0.0,0.0,0.0,0.0,0.0,0.0,0.0,0.0,0.0,0.0
attack,1  ) )     )       ),union,union,seqgan_master,seqgan_master__phase2a__union__C__50__MASTER__raw_character__len20__gpre15__reward_off__seed88,70,20.0,3.0,0.9917601481809735,0.0,1.0,15.0,4.0,0.0,0.05,0.75,0.2,0.0,0.0,0.0,0.0,0.0,0.0,0.0,4.0,0.0,0.0,0.0,0.0,0.0,0.0,0.0,0.0,0.0,0.0,1.0,0.0,0.0,0.0,0.0,0.0,0.0,0.0,0.0,0.0,0.0,0.0,0.0,0.0,0.0,0.0,0.0,0.0,0.0,0.0,0.0,0.0,0.0,0.0,0.0,0.0,0.0,0.0,0.0,0.0,0.0,0.0,0.0,0.0,0.0,0.0
attack,1'   )  i = u  )    ,union,union,seqgan_master,seqgan_master__phase2a__union__C__50__MASTER__raw_character__len20__gpre15__reward_off__seed88,71,20.0,7.0,1.8166422780956526,2.0,1.0,13.0,4.0,0.1,0.05,0.65,0.2,1.0,0.0,0.0,0.0,0.0,1.0,0.0,2.0,0.0,0.0,0.0,1.0,1.0,0.0,0.0,0.0,0.0,1.0,1.0,0.0,0.0,0.0,0.0,0.0,0.0,0.0,0.0,0.0,0.0,0.0,0.0,0.0,0.0,0.0,0.0,0.0,0.0,0.0,0.0,0.0,0.0,0.0,0.0,0.0,0.0,0.0,0.0,0.0,0.0,0.0,0.0,0.0,0.0,0.0
attack,-4%5  )        )    ,union,union,seqgan_master,seqgan_master__phase2a__union__C__50__MASTER__raw_character__len20__gpre15__reward_off__seed88,72,20.0,6.0,1.5567796494470396,0.0,2.0,14.0,4.0,0.0,0.1,0.7,0.2,0.0,0.0,1.0,0.0,0.0,0.0,0.0,2.0,1.0,0.0,0.0,1.0,0.0,0.0,0.0,0.0,0.0,0.0,1.0,0.0,0.0,0.0,0.0,0.0,0.0,0.0,0.0,0.0,0.0,0.0,0.0,0.0,0.0,0.0,0.0,0.0,0.0,0.0,0.0,0.0,0.0,0.0,0.0,0.0,0.0,0.0,0.0,0.0,0.0,0.0,0.0,0.0,0.0,0.0
attack,-7119'  )     )     ,union,union,seqgan_master,seqgan_master__phase2a__union__C__50__MASTER__raw_character__len20__gpre15__reward_off__seed88,73,20.0,7.0,1.9709505944546688,0.0,4.0,12.0,4.0,0.0,0.2,0.6,0.2,1.0,0.0,1.0,0.0,0.0,0.0,0.0,2.0,0.0,0.0,0.0,1.0,1.0,0.0,0.0,0.0,0.0,0.0,1.0,0.0,0.0,0.0,0.0,0.0,0.0,0.0,0.0,0.0,0.0,0.0,0.0,0.0,0.0,0.0,0.0,0.0,0.0,0.0,0.0,0.0,0.0,0.0,0.0,0.0,0.0,0.0,0.0,0.0,0.0,0.0,0.0,0.0,0.0,0.0
attack,"-0477""|   ) )     ) ",union,union,seqgan_master,seqgan_master__phase2a__union__C__50__MASTER__raw_character__len20__gpre15__reward_off__seed88,74,20.0,8.0,2.323219672335508,0.0,4.0,10.0,6.0,0.0,0.2,0.5,0.3,0.0,1.0,1.0,0.0,0.0,0.0,0.0,3.0,0.0,0.0,0.0,2.0,0.0,1.0,0.0,0.0,0.0,0.0,1.0,0.0,0.0,0.0,0.0,0.0,0.0,0.0,0.0,0.0,0.0,0.0,0.0,0.0,0.0,0.0,0.0,0.0,0.0,0.0,0.0,0.0,0.0,0.0,0.0,0.0,0.0,0.0,0.0,0.0,0.0,0.0,0.0,0.0,0.0,0.0
attack,10   )        )   ( ,union,union,seqgan_master,seqgan_master__phase2a__union__C__50__MASTER__raw_character__len20__gpre15__reward_off__seed88,75,20.0,5.0,1.2917601481809735,0.0,2.0,15.0,3.0,0.0,0.1,0.75,0.15,0.0,0.0,0.0,0.0,0.0,0.0,0.0,3.0,0.0,0.0,0.0,0.0,0.0,0.0,0.0,0.0,0.0,0.0,1.0,0.0,0.0,0.0,0.0,0.0,0.0,0.0,0.0,0.0,0.0,0.0,0.0,0.0,0.0,0.0,0.0,0.0,0.0,0.0,0.0,0.0,0.0,0.0,0.0,0.0,0.0,0.0,0.0,0.0,0.0,0.0,0.0,0.0,0.0,0.0
attack,-73404%'       wheer,union,union,seqgan_master,seqgan_master__phase2a__union__C__50__MASTER__raw_character__len20__gpre15__reward_off__seed88,76,20.0,12.0,3.139353872167201,5.0,5.0,7.0,3.0,0.25,0.25,0.35,0.15,1.0,0.0,1.0,0.0,0.0,0.0,0.0,0.0,1.0,0.0,0.0,1.0,1.0,0.0,0.0,0.0,0.0,0.0,0.0,0.0,0.0,0.0,0.0,0.0,0.0,0.0,0.0,0.0,0.0,0.0,0.0,0.0,0.0,0.0,0.0,0.0,0.0,0.0,0.0,0.0,0.0,0.0,0.0,0.0,0.0,0.0,0.0,0.0,0.0,0.0,0.0,0.0,0.0,0.0
attack,"-772477""   ) )     )",union,union,seqgan_master,seqgan_master__phase2a__union__C__50__MASTER__raw_character__len20__gpre15__reward_off__seed88,77,20.0,7.0,2.2577174691301485,0.0,6.0,9.0,5.0,0.0,0.3,0.45,0.25,0.0,1.0,1.0,0.0,0.0,0.0,0.0,3.0,0.0,0.0,0.0,1.0,0.0,1.0,0.0,0.0,0.0,0.0,1.0,0.0,0.0,0.0,0.0,0.0,0.0,0.0,0.0,0.0,0.0,0.0,0.0,0.0,0.0,0.0,0.0,0.0,0.0,0.0,0.0,0.0,0.0,0.0,0.0,0.0,0.0,0.0,0.0,0.0,0.0,0.0,0.0,0.0,0.0,0.0
attack,-4773 %   )      an ,union,union,seqgan_master,seqgan_master__phase2a__union__C__50__MASTER__raw_character__len20__gpre15__reward_off__seed88,78,20.0,9.0,2.319240704636849,2.0,4.0,11.0,3.0,0.1,0.2,0.55,0.15,0.0,0.0,1.0,0.0,0.0,0.0,0.0,1.0,1.0,0.0,0.0,1.0,0.0,0.0,0.0,0.0,0.0,0.0,1.0,0.0,0.0,0.0,0.0,0.0,0.0,0.0,0.0,0.0,0.0,0.0,0.0,0.0,0.0,0.0,0.0,0.0,0.0,0.0,0.0,0.0,0.0,0.0,0.0,0.0,0.0,0.0,0.0,0.0,0.0,0.0,0.0,0.0,0.0,0.0
attack,-14%90   )  ' ))    ,union,union,seqgan_master,seqgan_master__phase2a__union__C__50__MASTER__raw_character__len20__gpre15__reward_off__seed88,79,20.0,9.0,2.4232196723355077,0.0,4.0,10.0,6.0,0.0,0.2,0.5,0.3,1.0,0.0,1.0,0.0,0.0,0.0,0.0,3.0,1.0,0.0,0.0,1.0,1.0,0.0,0.0,0.0,0.0,0.0,1.0,0.0,1.0,0.0,0.0,0.0,0.0,0.0,0.0,0.0,0.0,0.0,0.0,0.0,0.0,0.0,0.0,0.0,0.0,0.0,0.0,0.0,0.0,0.0,0.0,0.0,0.0,0.0,0.0,0.0,0.0,0.0,0.0,0.0,0.0,0.0
attack,-75544%  )    )     ,union,union,seqgan_master,seqgan_master__phase2a__union__C__50__MASTER__raw_character__len20__gpre15__reward_off__seed88,80,20.0,7.0,2.119240704636849,0.0,5.0,11.0,4.0,0.0,0.25,0.55,0.2,0.0,0.0,1.0,0.0,0.0,0.0,0.0,2.0,1.0,0.0,0.0,1.0,0.0,0.0,0.0,0.0,0.0,0.0,1.0,0.0,0.0,0.0,0.0,0.0,0.0,0.0,0.0,0.0,0.0,0.0,0.0,0.0,0.0,0.0,0.0,0.0,0.0,0.0,0.0,0.0,0.0,0.0,0.0,0.0,0.0,0.0,0.0,0.0,0.0,0.0,0.0,0.0,0.0,0.0
attack,-4439  (   )      ) ,union,union,seqgan_master,seqgan_master__phase2a__union__C__50__MASTER__raw_character__len20__gpre15__reward_off__seed88,81,20.0,7.0,1.9709505944546688,0.0,4.0,12.0,4.0,0.0,0.2,0.6,0.2,0.0,0.0,1.0,0.0,0.0,0.0,0.0,3.0,0.0,0.0,0.0,1.0,0.0,0.0,0.0,0.0,0.0,0.0,1.0,0.0,0.0,0.0,0.0,0.0,0.0,0.0,0.0,0.0,0.0,0.0,0.0,0.0,0.0,0.0,0.0,0.0,0.0,0.0,0.0,0.0,0.0,0.0,0.0,0.0,0.0,0.0,0.0,0.0,0.0,0.0,0.0,0.0,0.0,0.0
attack," 1  u""  )     )     ",union,union,seqgan_master,seqgan_master__phase2a__union__C__50__MASTER__raw_character__len20__gpre15__reward_off__seed88,82,20.0,5.0,1.2917601481809735,1.0,1.0,15.0,3.0,0.05,0.05,0.75,0.15,0.0,1.0,0.0,0.0,0.0,0.0,0.0,2.0,0.0,0.0,0.0,0.0,0.0,1.0,0.0,0.0,0.0,0.0,1.0,0.0,0.0,0.0,0.0,0.0,0.0,0.0,0.0,0.0,0.0,0.0,0.0,0.0,0.0,0.0,0.0,0.0,0.0,0.0,0.0,0.0,0.0,0.0,0.0,0.0,0.0,0.0,0.0,0.0,0.0,0.0,0.0,0.0,0.0,0.0
attack,-776'  + =)      )  ,union,union,seqgan_master,seqgan_master__phase2a__union__C__50__MASTER__raw_character__len20__gpre15__reward_off__seed88,83,20.0,8.0,2.219240704636849,0.0,3.0,11.0,6.0,0.0,0.15,0.55,0.3,1.0,0.0,1.0,0.0,0.0,1.0,0.0,2.0,0.0,0.0,0.0,3.0,1.0,0.0,0.0,0.0,0.0,1.0,1.0,0.0,0.0,0.0,0.0,0.0,0.0,0.0,0.0,0.0,0.0,0.0,0.0,0.0,0.0,0.0,0.0,0.0,0.0,0.0,0.0,0.0,0.0,0.0,0.0,0.0,0.0,0.0,0.0,0.0,0.0,0.0,0.0,0.0,0.0,0.0
attack,-5444' a as8)    )  ,union,union,seqgan_master,seqgan_master__phase2a__union__C__50__MASTER__raw_character__len20__gpre15__reward_off__seed88,84,20.0,9.0,2.684183719779189,3.0,5.0,8.0,4.0,0.15,0.25,0.4,0.2,1.0,0.0,1.0,0.0,0.0,0.0,0.0,2.0,0.0,0.0,0.0,1.0,1.0,0.0,0.0,0.0,0.0,0.0,1.0,0.0,0.0,0.0,0.0,0.0,0.0,0.0,0.0,0.0,0.0,0.0,0.0,0.0,0.0,0.0,0.0,0.0,0.0,0.0,0.0,0.0,0.0,0.0,0.0,0.0,0.0,0.0,0.0,0.0,0.0,0.0,0.0,0.0,0.0,0.0
attack,-326'  wheleect * fr,union,union,seqgan_master,seqgan_master__phase2a__union__C__50__MASTER__raw_character__len20__gpre15__reward_off__seed88,85,20.0,15.0,3.684183719779189,10.0,3.0,4.0,3.0,0.5,0.15,0.2,0.15,1.0,0.0,1.0,0.0,1.0,0.0,0.0,0.0,0.0,0.0,0.0,2.0,1.0,0.0,0.0,0.0,0.0,0.0,0.0,0.0,0.0,0.0,0.0,0.0,0.0,0.0,0.0,0.0,0.0,0.0,0.0,0.0,0.0,0.0,0.0,0.0,0.0,0.0,0.0,0.0,0.0,0.0,0.0,0.0,0.0,0.0,0.0,0.0,0.0,0.0,0.0,0.0,0.0,0.0
attack,"=1""  union   un)  ) ",union,union,seqgan_master,seqgan_master__phase2a__union__C__50__MASTER__raw_character__len20__gpre15__reward_off__seed88,86,20.0,9.0,2.684183719779189,7.0,1.0,8.0,4.0,0.35,0.05,0.4,0.2,0.0,1.0,0.0,0.0,0.0,1.0,0.0,2.0,0.0,0.0,0.0,1.0,0.0,1.0,0.0,0.0,0.0,1.0,1.0,0.0,0.0,0.0,0.0,0.0,1.0,0.0,0.0,0.0,0.0,0.0,0.0,0.0,0.0,0.0,0.0,0.0,0.0,0.0,0.0,0.0,0.0,0.0,0.0,0.0,0.0,0.0,0.0,0.0,0.0,0.0,0.0,0.0,0.0,1.0
attack,-82090%'  a8om  )   ,union,union,seqgan_master,seqgan_master__phase2a__union__C__50__MASTER__raw_character__len20__gpre15__reward_off__seed88,87,20.0,12.0,3.139353872167201,3.0,6.0,7.0,4.0,0.15,0.3,0.35,0.2,1.0,0.0,1.0,0.0,0.0,0.0,0.0,1.0,1.0,0.0,0.0,1.0,1.0,0.0,0.0,0.0,0.0,0.0,1.0,0.0,0.0,0.0,0.0,0.0,0.0,0.0,0.0,0.0,0.0,0.0,0.0,0.0,0.0,0.0,0.0,0.0,0.0,0.0,0.0,0.0,0.0,0.0,0.0,0.0,0.0,0.0,0.0,0.0,0.0,0.0,0.0,0.0,0.0,0.0
attack,1+  )   f iom )    ),union,union,seqgan_master,seqgan_master__phase2a__union__C__50__MASTER__raw_character__len20__gpre15__reward_off__seed88,88,20.0,8.0,2.1814963295286756,4.0,1.0,11.0,4.0,0.2,0.05,0.55,0.2,0.0,0.0,0.0,0.0,0.0,0.0,0.0,3.0,0.0,0.0,0.0,1.0,0.0,0.0,0.0,0.0,0.0,0.0,1.0,0.0,0.0,0.0,0.0,0.0,0.0,0.0,0.0,0.0,0.0,0.0,0.0,0.0,0.0,0.0,0.0,0.0,0.0,0.0,0.0,0.0,0.0,0.0,0.0,0.0,0.0,0.0,0.0,0.0,0.0,0.0,0.0,0.0,0.0,0.0
attack,-78934%   )    )    ,union,union,seqgan_master,seqgan_master__phase2a__union__C__50__MASTER__raw_character__len20__gpre15__reward_off__seed88,89,20.0,9.0,2.319240704636849,0.0,5.0,11.0,4.0,0.0,0.25,0.55,0.2,0.0,0.0,1.0,0.0,0.0,0.0,0.0,2.0,1.0,0.0,0.0,1.0,0.0,0.0,0.0,0.0,0.0,0.0,1.0,0.0,0.0,0.0,0.0,0.0,0.0,0.0,0.0,0.0,0.0,0.0,0.0,0.0,0.0,0.0,0.0,0.0,0.0,0.0,0.0,0.0,0.0,0.0,0.0,0.0,0.0,0.0,0.0,0.0,0.0,0.0,0.0,0.0,0.0,0.0
attack,"-|1 "" 5      )     )",union,union,seqgan_master,seqgan_master__phase2a__union__C__50__MASTER__raw_character__len20__gpre15__reward_off__seed88,90,20.0,7.0,1.8166422780956526,0.0,2.0,13.0,5.0,0.0,0.1,0.65,0.25,0.0,1.0,1.0,0.0,0.0,0.0,0.0,2.0,0.0,0.0,0.0,2.0,0.0,1.0,0.0,0.0,0.0,0.0,1.0,0.0,0.0,0.0,0.0,0.0,0.0,0.0,0.0,0.0,0.0,0.0,0.0,0.0,0.0,0.0,0.0,0.0,0.0,0.0,0.0,0.0,0.0,0.0,0.0,0.0,0.0,0.0,0.0,0.0,0.0,0.0,0.0,0.0,0.0,0.0
attack,-8579  )     )     =,union,union,seqgan_master,seqgan_master__phase2a__union__C__50__MASTER__raw_character__len20__gpre15__reward_off__seed88,91,20.0,8.0,2.070950594454669,0.0,4.0,12.0,4.0,0.0,0.2,0.6,0.2,0.0,0.0,1.0,0.0,0.0,1.0,0.0,2.0,0.0,0.0,0.0,2.0,0.0,0.0,0.0,0.0,0.0,1.0,1.0,0.0,0.0,0.0,0.0,0.0,0.0,0.0,0.0,0.0,0.0,0.0,0.0,0.0,0.0,0.0,0.0,0.0,0.0,0.0,0.0,0.0,0.0,0.0,0.0,0.0,0.0,0.0,0.0,0.0,0.0,0.0,0.0,0.0,0.0,0.0
attack,1'  ) ise     )    ),union,union,seqgan_master,seqgan_master__phase2a__union__C__50__MASTER__raw_character__len20__gpre15__reward_off__seed88,92,20.0,7.0,1.9332062193464954,3.0,1.0,12.0,4.0,0.15,0.05,0.6,0.2,1.0,0.0,0.0,0.0,0.0,0.0,0.0,3.0,0.0,0.0,0.0,0.0,1.0,0.0,0.0,0.0,0.0,0.0,1.0,0.0,0.0,0.0,0.0,0.0,0.0,0.0,0.0,0.0,0.0,0.0,0.0,0.0,0.0,0.0,0.0,0.0,0.0,0.0,0.0,0.0,0.0,0.0,0.0,0.0,0.0,0.0,0.0,0.0,0.0,0.0,0.0,0.0,0.0,0.0
attack,-845104  )     )    ,union,union,seqgan_master,seqgan_master__phase2a__union__C__50__MASTER__raw_character__len20__gpre15__reward_off__seed88,93,20.0,8.0,2.219240704636849,0.0,6.0,11.0,3.0,0.0,0.3,0.55,0.15,0.0,0.0,1.0,0.0,0.0,0.0,0.0,2.0,0.0,0.0,0.0,1.0,0.0,0.0,0.0,0.0,0.0,0.0,1.0,0.0,0.0,0.0,0.0,0.0,0.0,0.0,0.0,0.0,0.0,0.0,0.0,0.0,0.0,0.0,0.0,0.0,0.0,0.0,0.0,0.0,0.0,0.0,0.0,0.0,0.0,0.0,0.0,0.0,0.0,0.0,0.0,0.0,0.0,0.0
attack,1    )  )   un  )   ,union,union,seqgan_master,seqgan_master__phase2a__union__C__50__MASTER__raw_character__len20__gpre15__reward_off__seed88,94,20.0,5.0,1.4190352743388661,2.0,1.0,14.0,3.0,0.1,0.05,0.7,0.15,0.0,0.0,0.0,0.0,0.0,0.0,0.0,3.0,0.0,0.0,0.0,0.0,0.0,0.0,0.0,0.0,0.0,0.0,1.0,0.0,0.0,0.0,0.0,0.0,0.0,0.0,0.0,0.0,0.0,0.0,0.0,0.0,0.0,0.0,0.0,0.0,0.0,0.0,0.0,0.0,0.0,0.0,0.0,0.0,0.0,0.0,0.0,0.0,0.0,0.0,0.0,0.0,0.0,0.0
attack,'  )     usere66)   ,union,union,seqgan_master,seqgan_master__phase2a__union__C__50__MASTER__raw_character__len20__gpre15__reward_off__seed88,95,20.0,8.0,2.3609640474436815,5.0,2.0,10.0,3.0,0.25,0.1,0.5,0.15,1.0,0.0,0.0,0.0,0.0,0.0,0.0,2.0,0.0,0.0,0.0,0.0,1.0,0.0,0.0,0.0,0.0,0.0,1.0,0.0,0.0,0.0,0.0,0.0,0.0,0.0,0.0,0.0,0.0,0.0,0.0,0.0,0.0,0.0,0.0,0.0,0.0,0.0,0.0,0.0,0.0,0.0,0.0,0.0,0.0,0.0,0.0,0.0,0.0,0.0,0.0,0.0,0.0,0.0
attack,-4488' flrs     )   ,union,union,seqgan_master,seqgan_master__phase2a__union__C__50__MASTER__raw_character__len20__gpre15__reward_off__seed88,96,20.0,10.0,2.6954618442383222,4.0,4.0,9.0,3.0,0.2,0.2,0.45,0.15,1.0,0.0,1.0,0.0,0.0,0.0,0.0,1.0,0.0,0.0,0.0,1.0,1.0,0.0,0.0,0.0,0.0,0.0,1.0,0.0,0.0,0.0,0.0,0.0,0.0,0.0,0.0,0.0,0.0,0.0,0.0,0.0,0.0,0.0,0.0,0.0,0.0,0.0,0.0,0.0,0.0,0.0,0.0,0.0,0.0,0.0,0.0,0.0,0.0,0.0,0.0,0.0,0.0,0.0
attack,-444' ) )      u)1  ,union,union,seqgan_master,seqgan_master__phase2a__union__C__50__MASTER__raw_character__len20__gpre15__reward_off__seed88,97,20.0,7.0,2.1854752972273346,1.0,4.0,10.0,5.0,0.05,0.2,0.5,0.25,1.0,0.0,1.0,0.0,0.0,0.0,0.0,3.0,0.0,0.0,0.0,1.0,1.0,0.0,0.0,0.0,0.0,0.0,1.0,0.0,0.0,0.0,0.0,0.0,0.0,0.0,0.0,0.0,0.0,0.0,0.0,0.0,0.0,0.0,0.0,0.0,0.0,0.0,0.0,0.0,0.0,0.0,0.0,0.0,0.0,0.0,0.0,0.0,0.0,0.0,0.0,0.0,0.0,0.0
attack,-74153'  union )    ,union,union,seqgan_master,seqgan_master__phase2a__union__C__50__MASTER__raw_character__len20__gpre15__reward_off__seed88,98,20.0,13.0,3.239353872167201,5.0,5.0,7.0,3.0,0.25,0.25,0.35,0.15,1.0,0.0,1.0,0.0,0.0,0.0,0.0,1.0,0.0,0.0,0.0,1.0,1.0,0.0,0.0,0.0,0.0,0.0,1.0,0.0,0.0,0.0,0.0,0.0,1.0,0.0,0.0,0.0,0.0,0.0,0.0,0.0,0.0,0.0,0.0,0.0,0.0,0.0,0.0,0.0,0.0,0.0,0.0,0.0,0.0,0.0,0.0,0.0,0.0,0.0,0.0,0.0,0.0,1.0
attack,'  f?heEm 1     )   ,union,union,seqgan_master,seqgan_master__phase2a__union__C__50__MASTER__raw_character__len20__gpre15__reward_off__seed88,99,20.0,10.0,2.419240704636849,5.0,1.0,11.0,3.0,0.25,0.05,0.55,0.15,1.0,0.0,0.0,0.0,0.0,0.0,0.0,1.0,0.0,0.0,0.0,0.0,1.0,0.0,0.0,0.0,0.0,0.0,1.0,0.0,0.0,0.0,0.0,0.0,0.0,0.0,0.0,0.0,0.0,0.0,0.0,0.0,0.0,0.0,0.0,0.0,0.0,0.0,0.0,0.0,0.0,0.0,0.0,0.0,0.0,0.0,0.0,0.0,0.0,0.0,0.0,0.0,0.0,0.0
attack,-7937    useeect z *,union,union,seqgan_master,seqgan_master__phase2a__union__C__50__MASTER__raw_character__len20__gpre15__reward_off__seed88,100,20.0,12.0,3.2086949695628424,8.0,4.0,6.0,2.0,0.4,0.2,0.3,0.1,0.0,0.0,1.0,0.0,1.0,0.0,0.0,0.0,0.0,0.0,0.0,2.0,0.0,0.0,0.0,0.0,0.0,0.0,0.0,0.0,0.0,0.0,0.0,0.0,0.0,0.0,0.0,0.0,0.0,0.0,0.0,0.0,0.0,0.0,0.0,0.0,0.0,0.0,0.0,0.0,0.0,0.0,0.0,0.0,0.0,0.0,0.0,0.0,0.0,0.0,0.0,0.0,0.0,0.0
attack,-7114%'  )       )  ,union,union,seqgan_master,seqgan_master__phase2a__union__C__50__MASTER__raw_character__len20__gpre15__reward_off__seed88,101,20.0,8.0,2.219240704636849,0.0,4.0,11.0,5.0,0.0,0.2,0.55,0.25,1.0,0.0,1.0,0.0,0.0,0.0,0.0,2.0,1.0,0.0,0.0,1.0,1.0,0.0,0.0,0.0,0.0,0.0,1.0,0.0,0.0,0.0,0.0,0.0,0.0,0.0,0.0,0.0,0.0,0.0,0.0,0.0,0.0,0.0,0.0,0.0,0.0,0.0,0.0,0.0,0.0,0.0,0.0,0.0,0.0,0.0,0.0,0.0,0.0,0.0,0.0,0.0,0.0,0.0
attack,  aselect * from usz,union,union,seqgan_master,seqgan_master__phase2a__union__C__50__MASTER__raw_character__len20__gpre15__reward_off__seed88,102,20.0,14.0,3.541446071165522,14.0,0.0,5.0,1.0,0.7,0.0,0.25,0.05,0.0,0.0,0.0,0.0,1.0,0.0,0.0,0.0,0.0,0.0,0.0,1.0,0.0,0.0,0.0,0.0,0.0,0.0,0.0,0.0,0.0,0.0,0.0,0.0,0.0,0.0,1.0,0.0,0.0,0.0,0.0,0.0,0.0,0.0,0.0,0.0,0.0,0.0,0.0,0.0,0.0,0.0,0.0,0.0,0.0,0.0,0.0,0.0,0.0,0.0,0.0,0.0,0.0,1.0
attack,-58690 )    )   )   ,union,union,seqgan_master,seqgan_master__phase2a__union__C__50__MASTER__raw_character__len20__gpre15__reward_off__seed88,103,20.0,8.0,2.1814963295286756,0.0,5.0,11.0,4.0,0.0,0.25,0.55,0.2,0.0,0.0,1.0,0.0,0.0,0.0,0.0,3.0,0.0,0.0,0.0,1.0,0.0,0.0,0.0,0.0,0.0,0.0,1.0,0.0,0.0,0.0,0.0,0.0,0.0,0.0,0.0,0.0,0.0,0.0,0.0,0.0,0.0,0.0,0.0,0.0,0.0,0.0,0.0,0.0,0.0,0.0,0.0,0.0,0.0,0.0,0.0,0.0,0.0,0.0,0.0,0.0,0.0,0.0
attack,'  s  )   f      )  ,union,union,seqgan_master,seqgan_master__phase2a__union__C__50__MASTER__raw_character__len20__gpre15__reward_off__seed88,104,20.0,5.0,1.2917601481809735,2.0,0.0,15.0,3.0,0.1,0.0,0.75,0.15,1.0,0.0,0.0,0.0,0.0,0.0,0.0,2.0,0.0,0.0,0.0,0.0,1.0,0.0,0.0,0.0,0.0,0.0,1.0,0.0,0.0,0.0,0.0,0.0,0.0,0.0,0.0,0.0,0.0,0.0,0.0,0.0,0.0,0.0,0.0,0.0,0.0,0.0,0.0,0.0,0.0,0.0,0.0,0.0,0.0,0.0,0.0,0.0,0.0,0.0,0.0,0.0,0.0,0.0
attack,-107467' )    )     ,union,union,seqgan_master,seqgan_master__phase2a__union__C__50__MASTER__raw_character__len20__gpre15__reward_off__seed88,105,20.0,9.0,2.4609640474436816,0.0,6.0,10.0,4.0,0.0,0.3,0.5,0.2,1.0,0.0,1.0,0.0,0.0,0.0,0.0,2.0,0.0,0.0,0.0,1.0,1.0,0.0,0.0,0.0,0.0,0.0,1.0,0.0,0.0,0.0,0.0,0.0,0.0,0.0,0.0,0.0,0.0,0.0,0.0,0.0,0.0,0.0,0.0,0.0,0.0,0.0,0.0,0.0,0.0,0.0,0.0,0.0,0.0,0.0,0.0,0.0,0.0,0.0,0.0,0.0,0.0,0.0
attack,1   useleect  from u,union,union,seqgan_master,seqgan_master__phase2a__union__C__50__MASTER__raw_character__len20__gpre15__reward_off__seed88,106,20.0,12.0,3.2086949695628424,13.0,1.0,6.0,0.0,0.65,0.05,0.3,0.0,0.0,0.0,0.0,0.0,0.0,0.0,0.0,0.0,0.0,0.0,0.0,0.0,0.0,0.0,0.0,0.0,0.0,0.0,0.0,0.0,0.0,0.0,0.0,0.0,0.0,0.0,1.0,0.0,0.0,0.0,0.0,0.0,0.0,0.0,0.0,0.0,0.0,0.0,0.0,0.0,0.0,0.0,0.0,0.0,0.0,0.0,0.0,0.0,0.0,0.0,0.0,0.0,0.0,1.0
attack,"--9"" )    )      )  ",union,union,seqgan_master,seqgan_master__phase2a__union__C__50__MASTER__raw_character__len20__gpre15__reward_off__seed88,107,20.0,5.0,1.578897902987479,0.0,1.0,13.0,6.0,0.0,0.05,0.65,0.3,0.0,1.0,2.0,0.0,0.0,0.0,0.0,3.0,0.0,0.0,0.0,2.0,0.0,1.0,1.0,0.0,0.0,0.0,1.0,0.0,0.0,0.0,0.0,0.0,0.0,0.0,0.0,0.0,0.0,0.0,0.0,0.0,0.0,0.0,0.0,0.0,0.0,0.0,0.0,0.0,0.0,0.0,0.0,0.0,0.0,0.0,0.0,0.0,0.0,0.0,0.0,0.0,0.0,0.0
attack,-4336   )     )     ,union,union,seqgan_master,seqgan_master__phase2a__union__C__50__MASTER__raw_character__len20__gpre15__reward_off__seed88,108,20.0,6.0,1.7166422780956525,0.0,4.0,13.0,3.0,0.0,0.2,0.65,0.15,0.0,0.0,1.0,0.0,0.0,0.0,0.0,2.0,0.0,0.0,0.0,1.0,0.0,0.0,0.0,0.0,0.0,0.0,1.0,0.0,0.0,0.0,0.0,0.0,0.0,0.0,0.0,0.0,0.0,0.0,0.0,0.0,0.0,0.0,0.0,0.0,0.0,0.0,0.0,0.0,0.0,0.0,0.0,0.0,0.0,0.0,0.0,0.0,0.0,0.0,0.0,0.0,0.0,0.0
attack,-179    )  )        ,union,union,seqgan_master,seqgan_master__phase2a__union__C__50__MASTER__raw_character__len20__gpre15__reward_off__seed88,109,20.0,6.0,1.5567796494470396,0.0,3.0,14.0,3.0,0.0,0.15,0.7,0.15,0.0,0.0,1.0,0.0,0.0,0.0,0.0,2.0,0.0,0.0,0.0,1.0,0.0,0.0,0.0,0.0,0.0,0.0,1.0,0.0,0.0,0.0,0.0,0.0,0.0,0.0,0.0,0.0,0.0,0.0,0.0,0.0,0.0,0.0,0.0,0.0,0.0,0.0,0.0,0.0,0.0,0.0,0.0,0.0,0.0,0.0,0.0,0.0,0.0,0.0,0.0,0.0,0.0,0.0
attack, sect  u whn *   aro,union,union,seqgan_master,seqgan_master__phase2a__union__C__50__MASTER__raw_character__len20__gpre15__reward_off__seed88,110,20.0,13.0,3.1219280948873624,11.0,0.0,8.0,1.0,0.55,0.0,0.4,0.05,0.0,0.0,0.0,0.0,1.0,0.0,0.0,0.0,0.0,0.0,0.0,1.0,0.0,0.0,0.0,0.0,0.0,0.0,0.0,0.0,0.0,0.0,0.0,0.0,0.0,0.0,0.0,0.0,0.0,0.0,0.0,0.0,0.0,0.0,0.0,0.0,0.0,0.0,0.0,0.0,0.0,0.0,0.0,0.0,0.0,0.0,0.0,0.0,0.0,0.0,0.0,0.0,0.0,0.0
attack, seleect * from freu,union,union,seqgan_master,seqgan_master__phase2a__union__C__50__MASTER__raw_character__len20__gpre15__reward_off__seed88,111,20.0,12.0,3.3219280948873626,15.0,0.0,4.0,1.0,0.75,0.0,0.2,0.05,0.0,0.0,0.0,0.0,1.0,0.0,0.0,0.0,0.0,0.0,0.0,1.0,0.0,0.0,0.0,0.0,0.0,0.0,0.0,0.0,0.0,0.0,0.0,0.0,0.0,0.0,1.0,0.0,0.0,0.0,0.0,0.0,0.0,0.0,0.0,0.0,0.0,0.0,0.0,0.0,0.0,0.0,0.0,0.0,0.0,0.0,0.0,0.0,0.0,0.0,0.0,0.0,0.0,1.0
attack,"' usen 1  u  seleck""",union,union,seqgan_master,seqgan_master__phase2a__union__C__50__MASTER__raw_character__len20__gpre15__reward_off__seed88,112,20.0,11.0,3.1086949695628423,11.0,1.0,6.0,2.0,0.55,0.05,0.3,0.1,1.0,1.0,0.0,0.0,0.0,0.0,0.0,0.0,0.0,0.0,0.0,0.0,1.0,1.0,0.0,0.0,0.0,0.0,0.0,0.0,0.0,0.0,0.0,0.0,0.0,0.0,0.0,0.0,0.0,0.0,0.0,0.0,0.0,0.0,0.0,0.0,0.0,0.0,0.0,0.0,0.0,0.0,0.0,0.0,0.0,0.0,0.0,0.0,0.0,0.0,0.0,0.0,0.0,0.0
attack,1  | )      )      u,union,union,seqgan_master,seqgan_master__phase2a__union__C__50__MASTER__raw_character__len20__gpre15__reward_off__seed88,113,20.0,5.0,1.2917601481809735,1.0,1.0,15.0,3.0,0.05,0.05,0.75,0.15,0.0,0.0,0.0,0.0,0.0,0.0,0.0,2.0,0.0,0.0,0.0,1.0,0.0,0.0,0.0,0.0,0.0,0.0,1.0,0.0,0.0,0.0,0.0,0.0,0.0,0.0,0.0,0.0,0.0,0.0,0.0,0.0,0.0,0.0,0.0,0.0,0.0,0.0,0.0,0.0,0.0,0.0,0.0,0.0,0.0,0.0,0.0,0.0,0.0,0.0,0.0,0.0,0.0,0.0
attack, selelect *   from u,union,union,seqgan_master,seqgan_master__phase2a__union__C__50__MASTER__raw_character__len20__gpre15__reward_off__seed88,114,20.0,12.0,3.2086949695628424,13.0,0.0,6.0,1.0,0.65,0.0,0.3,0.05,0.0,0.0,0.0,0.0,1.0,0.0,0.0,0.0,0.0,0.0,0.0,1.0,0.0,0.0,0.0,0.0,0.0,0.0,0.0,0.0,0.0,0.0,0.0,0.0,0.0,0.0,1.0,0.0,0.0,0.0,0.0,0.0,0.0,0.0,0.0,0.0,0.0,0.0,0.0,0.0,0.0,0.0,0.0,0.0,0.0,0.0,0.0,0.0,0.0,0.0,0.0,0.0,0.0,1.0
attack,-7%83'4  )     serel,union,union,seqgan_master,seqgan_master__phase2a__union__C__50__MASTER__raw_character__len20__gpre15__reward_off__seed88,115,20.0,13.0,3.239353872167201,5.0,4.0,7.0,4.0,0.25,0.2,0.35,0.2,1.0,0.0,1.0,0.0,0.0,0.0,0.0,1.0,1.0,0.0,0.0,1.0,1.0,0.0,0.0,0.0,0.0,0.0,1.0,0.0,1.0,0.0,0.0,0.0,0.0,0.0,0.0,0.0,0.0,0.0,0.0,0.0,0.0,0.0,0.0,0.0,0.0,0.0,0.0,0.0,0.0,0.0,0.0,0.0,0.0,0.0,0.0,0.0,0.0,0.0,0.0,0.0,0.0,0.0
attack,-44864u62' useernc  ,union,union,seqgan_master,seqgan_master__phase2a__union__C__50__MASTER__raw_character__len20__gpre15__reward_off__seed88,116,20.0,13.0,3.5464393446710156,8.0,7.0,3.0,2.0,0.4,0.35,0.15,0.1,1.0,0.0,1.0,0.0,0.0,0.0,0.0,0.0,0.0,0.0,0.0,1.0,1.0,0.0,0.0,0.0,0.0,0.0,0.0,0.0,0.0,0.0,0.0,0.0,0.0,0.0,0.0,0.0,0.0,0.0,0.0,0.0,0.0,0.0,0.0,0.0,0.0,0.0,0.0,0.0,0.0,0.0,0.0,0.0,0.0,0.0,0.0,0.0,0.0,0.0,0.0,0.0,0.0,0.0
attack,11  )    serom  )   ,union,union,seqgan_master,seqgan_master__phase2a__union__C__50__MASTER__raw_character__len20__gpre15__reward_off__seed88,117,20.0,8.0,2.219240704636849,5.0,2.0,11.0,2.0,0.25,0.1,0.55,0.1,0.0,0.0,0.0,0.0,0.0,0.0,0.0,2.0,0.0,0.0,0.0,0.0,0.0,0.0,0.0,0.0,0.0,0.0,1.0,0.0,0.0,0.0,0.0,0.0,0.0,0.0,0.0,0.0,0.0,0.0,0.0,0.0,0.0,0.0,0.0,0.0,0.0,0.0,0.0,0.0,0.0,0.0,0.0,0.0,0.0,0.0,0.0,0.0,0.0,0.0,0.0,0.0,0.0,0.0
attack,1%a90' )      fe6  ),union,union,seqgan_master,seqgan_master__phase2a__union__C__50__MASTER__raw_character__len20__gpre15__reward_off__seed88,118,20.0,11.0,2.7954618442383223,3.0,4.0,9.0,4.0,0.15,0.2,0.45,0.2,1.0,0.0,0.0,0.0,0.0,0.0,0.0,2.0,1.0,0.0,0.0,0.0,1.0,0.0,0.0,0.0,0.0,0.0,1.0,0.0,1.0,0.0,0.0,0.0,0.0,0.0,0.0,0.0,0.0,0.0,0.0,0.0,0.0,0.0,0.0,0.0,0.0,0.0,0.0,0.0,0.0,0.0,0.0,0.0,0.0,0.0,0.0,0.0,0.0,0.0,0.0,0.0,0.0,0.0
attack,-48440   )       f  ,union,union,seqgan_master,seqgan_master__phase2a__union__C__50__MASTER__raw_character__len20__gpre15__reward_off__seed88,119,20.0,7.0,1.9332062193464954,1.0,5.0,12.0,2.0,0.05,0.25,0.6,0.1,0.0,0.0,1.0,0.0,0.0,0.0,0.0,1.0,0.0,0.0,0.0,1.0,0.0,0.0,0.0,0.0,0.0,0.0,1.0,0.0,0.0,0.0,0.0,0.0,0.0,0.0,0.0,0.0,0.0,0.0,0.0,0.0,0.0,0.0,0.0,0.0,0.0,0.0,0.0,0.0,0.0,0.0,0.0,0.0,0.0,0.0,0.0,0.0,0.0,0.0,0.0,0.0,0.0,0.0
attack,-344644%   )    )   ,union,union,seqgan_master,seqgan_master__phase2a__union__C__50__MASTER__raw_character__len20__gpre15__reward_off__seed88,120,20.0,7.0,2.1609640474436813,0.0,6.0,10.0,4.0,0.0,0.3,0.5,0.2,0.0,0.0,1.0,0.0,0.0,0.0,0.0,2.0,1.0,0.0,0.0,1.0,0.0,0.0,0.0,0.0,0.0,0.0,1.0,0.0,0.0,0.0,0.0,0.0,0.0,0.0,0.0,0.0,0.0,0.0,0.0,0.0,0.0,0.0,0.0,0.0,0.0,0.0,0.0,0.0,0.0,0.0,0.0,0.0,0.0,0.0,0.0,0.0,0.0,0.0,0.0,0.0,0.0,0.0
attack, select rm    uejose,union,union,seqgan_master,seqgan_master__phase2a__union__C__50__MASTER__raw_character__len20__gpre15__reward_off__seed88,121,20.0,11.0,3.0464393446710156,14.0,0.0,6.0,0.0,0.7,0.0,0.3,0.0,0.0,0.0,0.0,0.0,0.0,0.0,0.0,0.0,0.0,0.0,0.0,0.0,0.0,0.0,0.0,0.0,0.0,0.0,0.0,0.0,0.0,0.0,0.0,1.0,0.0,0.0,0.0,0.0,0.0,0.0,0.0,0.0,0.0,0.0,0.0,0.0,0.0,0.0,0.0,0.0,0.0,0.0,0.0,0.0,0.0,0.0,0.0,0.0,0.0,0.0,0.0,0.0,0.0,1.0
attack,-1371'   )     )    ,union,union,seqgan_master,seqgan_master__phase2a__union__C__50__MASTER__raw_character__len20__gpre15__reward_off__seed88,122,20.0,7.0,1.9709505944546688,0.0,4.0,12.0,4.0,0.0,0.2,0.6,0.2,1.0,0.0,1.0,0.0,0.0,0.0,0.0,2.0,0.0,0.0,0.0,1.0,1.0,0.0,0.0,0.0,0.0,0.0,1.0,0.0,0.0,0.0,0.0,0.0,0.0,0.0,0.0,0.0,0.0,0.0,0.0,0.0,0.0,0.0,0.0,0.0,0.0,0.0,0.0,0.0,0.0,0.0,0.0,0.0,0.0,0.0,0.0,0.0,0.0,0.0,0.0,0.0,0.0,0.0
attack,-38771'  an)     ) u,union,union,seqgan_master,seqgan_master__phase2a__union__C__50__MASTER__raw_character__len20__gpre15__reward_off__seed88,123,20.0,11.0,2.9219280948873623,3.0,5.0,8.0,4.0,0.15,0.25,0.4,0.2,1.0,0.0,1.0,0.0,0.0,0.0,0.0,2.0,0.0,0.0,0.0,1.0,1.0,0.0,0.0,0.0,0.0,0.0,1.0,0.0,0.0,0.0,0.0,0.0,0.0,0.0,0.0,0.0,0.0,0.0,0.0,0.0,0.0,0.0,0.0,0.0,0.0,0.0,0.0,0.0,0.0,0.0,0.0,0.0,0.0,0.0,0.0,0.0,0.0,0.0,0.0,0.0,0.0,0.0
attack,-334504   )       ) ,union,union,seqgan_master,seqgan_master__phase2a__union__C__50__MASTER__raw_character__len20__gpre15__reward_off__seed88,124,20.0,7.0,2.119240704636849,0.0,6.0,11.0,3.0,0.0,0.3,0.55,0.15,0.0,0.0,1.0,0.0,0.0,0.0,0.0,2.0,0.0,0.0,0.0,1.0,0.0,0.0,0.0,0.0,0.0,0.0,1.0,0.0,0.0,0.0,0.0,0.0,0.0,0.0,0.0,0.0,0.0,0.0,0.0,0.0,0.0,0.0,0.0,0.0,0.0,0.0,0.0,0.0,0.0,0.0,0.0,0.0,0.0,0.0,0.0,0.0,0.0,0.0,0.0,0.0,0.0,0.0
attack,"-37""   )     )     )",union,union,seqgan_master,seqgan_master__phase2a__union__C__50__MASTER__raw_character__len20__gpre15__reward_off__seed88,125,20.0,6.0,1.678897902987479,0.0,2.0,13.0,5.0,0.0,0.1,0.65,0.25,0.0,1.0,1.0,0.0,0.0,0.0,0.0,3.0,0.0,0.0,0.0,1.0,0.0,1.0,0.0,0.0,0.0,0.0,1.0,0.0,0.0,0.0,0.0,0.0,0.0,0.0,0.0,0.0,0.0,0.0,0.0,0.0,0.0,0.0,0.0,0.0,0.0,0.0,0.0,0.0,0.0,0.0,0.0,0.0,0.0,0.0,0.0,0.0,0.0,0.0,0.0,0.0,0.0,0.0
attack,-45807'    union )  ,union,union,seqgan_master,seqgan_master__phase2a__union__C__50__MASTER__raw_character__len20__gpre15__reward_off__seed88,126,20.0,13.0,3.239353872167201,5.0,5.0,7.0,3.0,0.25,0.25,0.35,0.15,1.0,0.0,1.0,0.0,0.0,0.0,0.0,1.0,0.0,0.0,0.0,1.0,1.0,0.0,0.0,0.0,0.0,0.0,1.0,0.0,0.0,0.0,0.0,0.0,1.0,0.0,0.0,0.0,0.0,0.0,0.0,0.0,0.0,0.0,0.0,0.0,0.0,0.0,0.0,0.0,0.0,0.0,0.0,0.0,0.0,0.0,0.0,0.0,0.0,0.0,0.0,0.0,0.0,1.0
attack,-493'  )     )      ,union,union,seqgan_master,seqgan_master__phase2a__union__C__50__MASTER__raw_character__len20__gpre15__reward_off__seed88,127,20.0,7.0,1.8166422780956526,0.0,3.0,13.0,4.0,0.0,0.15,0.65,0.2,1.0,0.0,1.0,0.0,0.0,0.0,0.0,2.0,0.0,0.0,0.0,1.0,1.0,0.0,0.0,0.0,0.0,0.0,1.0,0.0,0.0,0.0,0.0,0.0,0.0,0.0,0.0,0.0,0.0,0.0,0.0,0.0,0.0,0.0,0.0,0.0,0.0,0.0,0.0,0.0,0.0,0.0,0.0,0.0,0.0,0.0,0.0,0.0,0.0,0.0,0.0,0.0,0.0,0.0
attack,1%' Uherse6Jer&245  ,union,union,seqgan_master,seqgan_master__phase2a__union__C__50__MASTER__raw_character__len20__gpre15__reward_off__seed88,128,20.0,15.0,3.746439344671016,9.0,5.0,3.0,3.0,0.45,0.25,0.15,0.15,1.0,0.0,0.0,0.0,0.0,0.0,0.0,0.0,1.0,0.0,0.0,1.0,1.0,0.0,0.0,0.0,0.0,0.0,0.0,0.0,0.0,0.0,0.0,0.0,0.0,0.0,0.0,0.0,0.0,0.0,0.0,0.0,0.0,0.0,0.0,0.0,0.0,0.0,0.0,0.0,0.0,0.0,0.0,0.0,0.0,0.0,0.0,0.0,0.0,0.0,0.0,0.0,0.0,0.0
attack,1' )     )    )     ,union,union,seqgan_master,seqgan_master__phase2a__union__C__50__MASTER__raw_character__len20__gpre15__reward_off__seed88,129,20.0,4.0,1.1540157730728,0.0,1.0,15.0,4.0,0.0,0.05,0.75,0.2,1.0,0.0,0.0,0.0,0.0,0.0,0.0,3.0,0.0,0.0,0.0,0.0,1.0,0.0,0.0,0.0,0.0,0.0,1.0,0.0,0.0,0.0,0.0,0.0,0.0,0.0,0.0,0.0,0.0,0.0,0.0,0.0,0.0,0.0,0.0,0.0,0.0,0.0,0.0,0.0,0.0,0.0,0.0,0.0,0.0,0.0,0.0,0.0,0.0,0.0,0.0,0.0,0.0,0.0
attack,-%219 )       userse,union,union,seqgan_master,seqgan_master__phase2a__union__C__50__MASTER__raw_character__len20__gpre15__reward_off__seed88,130,20.0,11.0,2.9219280948873623,6.0,3.0,8.0,3.0,0.3,0.15,0.4,0.15,0.0,0.0,1.0,0.0,0.0,0.0,0.0,1.0,1.0,0.0,0.0,1.0,0.0,0.0,0.0,0.0,0.0,0.0,1.0,0.0,1.0,0.0,0.0,0.0,0.0,0.0,0.0,0.0,0.0,0.0,0.0,0.0,0.0,0.0,0.0,0.0,0.0,0.0,0.0,0.0,0.0,0.0,0.0,0.0,0.0,0.0,0.0,0.0,0.0,0.0,0.0,0.0,0.0,0.0
attack, select  from userse,union,union,seqgan_master,seqgan_master__phase2a__union__C__50__MASTER__raw_character__len20__gpre15__reward_off__seed88,131,20.0,11.0,3.184183719779189,16.0,0.0,4.0,0.0,0.8,0.0,0.2,0.0,0.0,0.0,0.0,0.0,0.0,0.0,0.0,0.0,0.0,0.0,0.0,0.0,0.0,0.0,0.0,0.0,0.0,0.0,0.0,0.0,0.0,0.0,0.0,1.0,0.0,0.0,1.0,0.0,0.0,0.0,0.0,0.0,0.0,0.0,0.0,0.0,0.0,0.0,0.0,0.0,0.0,0.0,0.0,0.0,0.0,0.0,0.0,0.0,0.0,0.0,0.0,0.0,0.0,2.0
attack,-358%e       )     ),union,union,seqgan_master,seqgan_master__phase2a__union__C__50__MASTER__raw_character__len20__gpre15__reward_off__seed88,132,20.0,8.0,2.070950594454669,1.0,3.0,12.0,4.0,0.05,0.15,0.6,0.2,0.0,0.0,1.0,0.0,0.0,0.0,0.0,2.0,1.0,0.0,0.0,1.0,0.0,0.0,0.0,0.0,0.0,0.0,1.0,0.0,0.0,0.0,0.0,0.0,0.0,0.0,0.0,0.0,0.0,0.0,0.0,0.0,0.0,0.0,0.0,0.0,0.0,0.0,0.0,0.0,0.0,0.0,0.0,0.0,0.0,0.0,0.0,0.0,0.0,0.0,0.0,0.0,0.0,0.0
attack,-17609   ) '   )  ( ,union,union,seqgan_master,seqgan_master__phase2a__union__C__50__MASTER__raw_character__len20__gpre15__reward_off__seed88,133,20.0,10.0,2.5609640474436812,0.0,5.0,10.0,5.0,0.0,0.25,0.5,0.25,1.0,0.0,1.0,0.0,0.0,0.0,0.0,3.0,0.0,0.0,0.0,1.0,1.0,0.0,0.0,0.0,0.0,0.0,1.0,0.0,0.0,0.0,0.0,0.0,0.0,0.0,0.0,0.0,0.0,0.0,0.0,0.0,0.0,0.0,0.0,0.0,0.0,0.0,0.0,0.0,0.0,0.0,0.0,0.0,0.0,0.0,0.0,0.0,0.0,0.0,0.0,0.0,0.0,0.0
attack,-7190'  )     fl    ,union,union,seqgan_master,seqgan_master__phase2a__union__C__50__MASTER__raw_character__len20__gpre15__reward_off__seed88,134,20.0,10.0,2.419240704636849,2.0,4.0,11.0,3.0,0.1,0.2,0.55,0.15,1.0,0.0,1.0,0.0,0.0,0.0,0.0,1.0,0.0,0.0,0.0,1.0,1.0,0.0,0.0,0.0,0.0,0.0,1.0,0.0,0.0,0.0,0.0,0.0,0.0,0.0,0.0,0.0,0.0,0.0,0.0,0.0,0.0,0.0,0.0,0.0,0.0,0.0,0.0,0.0,0.0,0.0,0.0,0.0,0.0,0.0,0.0,0.0,0.0,0.0,0.0,0.0,0.0,0.0
attack,-7808 f    useleeler,union,union,seqgan_master,seqgan_master__phase2a__union__C__50__MASTER__raw_character__len20__gpre15__reward_off__seed88,135,20.0,11.0,3.141446071165522,10.0,4.0,5.0,1.0,0.5,0.2,0.25,0.05,0.0,0.0,1.0,0.0,0.0,0.0,0.0,0.0,0.0,0.0,0.0,1.0,0.0,0.0,0.0,0.0,0.0,0.0,0.0,0.0,0.0,0.0,0.0,0.0,0.0,0.0,0.0,0.0,0.0,0.0,0.0,0.0,0.0,0.0,0.0,0.0,0.0,0.0,0.0,0.0,0.0,0.0,0.0,0.0,0.0,0.0,0.0,0.0,0.0,0.0,0.0,0.0,0.0,0.0
attack, select     )       ,union,union,seqgan_master,seqgan_master__phase2a__union__C__50__MASTER__raw_character__len20__gpre15__reward_off__seed88,136,20.0,7.0,1.8166422780956526,6.0,0.0,13.0,1.0,0.3,0.0,0.65,0.05,0.0,0.0,0.0,0.0,0.0,0.0,0.0,1.0,0.0,0.0,0.0,0.0,0.0,0.0,0.0,0.0,0.0,0.0,1.0,0.0,0.0,0.0,0.0,1.0,0.0,0.0,0.0,0.0,0.0,0.0,0.0,0.0,0.0,0.0,0.0,0.0,0.0,0.0,0.0,0.0,0.0,0.0,0.0,0.0,0.0,0.0,0.0,0.0,0.0,0.0,0.0,0.0,0.0,1.0
attack,-447851  w 8 )  )   ,union,union,seqgan_master,seqgan_master__phase2a__union__C__50__MASTER__raw_character__len20__gpre15__reward_off__seed88,137,20.0,9.0,2.595461844238322,1.0,7.0,9.0,3.0,0.05,0.35,0.45,0.15,0.0,0.0,1.0,0.0,0.0,0.0,0.0,2.0,0.0,0.0,0.0,1.0,0.0,0.0,0.0,0.0,0.0,0.0,1.0,0.0,0.0,0.0,0.0,0.0,0.0,0.0,0.0,0.0,0.0,0.0,0.0,0.0,0.0,0.0,0.0,0.0,0.0,0.0,0.0,0.0,0.0,0.0,0.0,0.0,0.0,0.0,0.0,0.0,0.0,0.0,0.0,0.0,0.0,0.0
attack,-1324  %  ag     )  ,union,union,seqgan_master,seqgan_master__phase2a__union__C__50__MASTER__raw_character__len20__gpre15__reward_off__seed88,138,20.0,10.0,2.419240704636849,2.0,4.0,11.0,3.0,0.1,0.2,0.55,0.15,0.0,0.0,1.0,0.0,0.0,0.0,0.0,1.0,1.0,0.0,0.0,1.0,0.0,0.0,0.0,0.0,0.0,0.0,1.0,0.0,0.0,0.0,0.0,0.0,0.0,0.0,0.0,0.0,0.0,0.0,0.0,0.0,0.0,0.0,0.0,0.0,0.0,0.0,0.0,0.0,0.0,0.0,0.0,0.0,0.0,0.0,0.0,0.0,0.0,0.0,0.0,0.0,0.0,0.0
attack, wsectfrom * n  from,union,union,seqgan_master,seqgan_master__phase2a__union__C__50__MASTER__raw_character__len20__gpre15__reward_off__seed88,139,20.0,12.0,3.341446071165522,14.0,0.0,5.0,1.0,0.7,0.0,0.25,0.05,0.0,0.0,0.0,0.0,1.0,0.0,0.0,0.0,0.0,0.0,0.0,1.0,0.0,0.0,0.0,0.0,0.0,0.0,0.0,0.0,0.0,0.0,0.0,0.0,0.0,0.0,1.0,0.0,0.0,0.0,0.0,0.0,0.0,0.0,0.0,0.0,0.0,0.0,0.0,0.0,0.0,0.0,0.0,0.0,0.0,0.0,0.0,0.0,0.0,0.0,0.0,0.0,0.0,1.0
attack, u41(  )  )    +    ,union,union,seqgan_master,seqgan_master__phase2a__union__C__50__MASTER__raw_character__len20__gpre15__reward_off__seed88,140,20.0,7.0,1.8166422780956526,1.0,2.0,13.0,4.0,0.05,0.1,0.65,0.2,0.0,0.0,0.0,0.0,0.0,0.0,0.0,3.0,0.0,0.0,0.0,1.0,0.0,0.0,0.0,0.0,0.0,0.0,1.0,0.0,0.0,0.0,0.0,0.0,0.0,0.0,0.0,0.0,0.0,0.0,0.0,0.0,0.0,0.0,0.0,0.0,0.0,0.0,0.0,0.0,0.0,0.0,0.0,0.0,0.0,0.0,0.0,0.0,0.0,0.0,0.0,0.0,0.0,0.0
attack, serselect * from  3,union,union,seqgan_master,seqgan_master__phase2a__union__C__50__MASTER__raw_character__len20__gpre15__reward_off__seed88,141,20.0,12.0,3.3037016960573484,13.0,1.0,5.0,1.0,0.65,0.05,0.25,0.05,0.0,0.0,0.0,0.0,1.0,0.0,0.0,0.0,0.0,0.0,0.0,1.0,0.0,0.0,0.0,0.0,0.0,0.0,0.0,0.0,0.0,0.0,0.0,0.0,0.0,0.0,1.0,0.0,0.0,0.0,0.0,0.0,0.0,0.0,0.0,0.0,0.0,0.0,0.0,0.0,0.0,0.0,0.0,0.0,0.0,0.0,0.0,0.0,0.0,0.0,0.0,0.0,0.0,1.0
attack,"1%"" r    )       )  ",union,union,seqgan_master,seqgan_master__phase2a__union__C__50__MASTER__raw_character__len20__gpre15__reward_off__seed88,142,20.0,6.0,1.5567796494470396,1.0,1.0,14.0,4.0,0.05,0.05,0.7,0.2,0.0,1.0,0.0,0.0,0.0,0.0,0.0,2.0,1.0,0.0,0.0,0.0,0.0,1.0,0.0,0.0,0.0,0.0,1.0,0.0,0.0,0.0,0.0,0.0,0.0,0.0,0.0,0.0,0.0,0.0,0.0,0.0,0.0,0.0,0.0,0.0,0.0,0.0,0.0,0.0,0.0,0.0,0.0,0.0,0.0,0.0,0.0,0.0,0.0,0.0,0.0,0.0,0.0,0.0
attack,-72929'0  )     )   ,union,union,seqgan_master,seqgan_master__phase2a__union__C__50__MASTER__raw_character__len20__gpre15__reward_off__seed88,143,20.0,8.0,2.3609640474436815,0.0,6.0,10.0,4.0,0.0,0.3,0.5,0.2,1.0,0.0,1.0,0.0,0.0,0.0,0.0,2.0,0.0,0.0,0.0,1.0,1.0,0.0,0.0,0.0,0.0,0.0,1.0,0.0,0.0,0.0,0.0,0.0,0.0,0.0,0.0,0.0,0.0,0.0,0.0,0.0,0.0,0.0,0.0,0.0,0.0,0.0,0.0,0.0,0.0,0.0,0.0,0.0,0.0,0.0,0.0,0.0,0.0,0.0,0.0,0.0,0.0,0.0
attack,-9214%4' | )    )   ,union,union,seqgan_master,seqgan_master__phase2a__union__C__50__MASTER__raw_character__len20__gpre15__reward_off__seed88,144,20.0,10.0,2.6954618442383222,0.0,5.0,9.0,6.0,0.0,0.25,0.45,0.3,1.0,0.0,1.0,0.0,0.0,0.0,0.0,2.0,1.0,0.0,0.0,2.0,1.0,0.0,0.0,0.0,0.0,0.0,1.0,0.0,0.0,0.0,0.0,0.0,0.0,0.0,0.0,0.0,0.0,0.0,0.0,0.0,0.0,0.0,0.0,0.0,0.0,0.0,0.0,0.0,0.0,0.0,0.0,0.0,0.0,0.0,0.0,0.0,0.0,0.0,0.0,0.0,0.0,0.0
attack, seect   from fr)   ,union,union,seqgan_master,seqgan_master__phase2a__union__C__50__MASTER__raw_character__len20__gpre15__reward_off__seed88,145,20.0,10.0,2.8219280948873626,11.0,0.0,8.0,1.0,0.55,0.0,0.4,0.05,0.0,0.0,0.0,0.0,0.0,0.0,0.0,1.0,0.0,0.0,0.0,0.0,0.0,0.0,0.0,0.0,0.0,0.0,1.0,0.0,0.0,0.0,0.0,0.0,0.0,0.0,1.0,0.0,0.0,0.0,0.0,0.0,0.0,0.0,0.0,0.0,0.0,0.0,0.0,0.0,0.0,0.0,0.0,0.0,0.0,0.0,0.0,0.0,0.0,0.0,0.0,0.0,0.0,1.0
attack,-6%%1%'     useeeect,union,union,seqgan_master,seqgan_master__phase2a__union__C__50__MASTER__raw_character__len20__gpre15__reward_off__seed88,146,20.0,11.0,3.1037016960573487,8.0,2.0,5.0,5.0,0.4,0.1,0.25,0.25,1.0,0.0,1.0,0.0,0.0,0.0,0.0,0.0,3.0,0.0,0.0,1.0,1.0,0.0,0.0,0.0,0.0,0.0,0.0,0.0,0.0,0.0,0.0,0.0,0.0,0.0,0.0,0.0,0.0,0.0,0.0,0.0,0.0,0.0,0.0,0.0,0.0,0.0,0.0,0.0,0.0,0.0,0.0,0.0,0.0,0.0,0.0,0.0,0.0,0.0,0.0,0.0,0.0,0.0
attack,'5   )      )   )   ,union,union,seqgan_master,seqgan_master__phase2a__union__C__50__MASTER__raw_character__len20__gpre15__reward_off__seed88,147,20.0,4.0,1.1540157730728,0.0,1.0,15.0,4.0,0.0,0.05,0.75,0.2,1.0,0.0,0.0,0.0,0.0,0.0,0.0,3.0,0.0,0.0,0.0,0.0,1.0,0.0,0.0,0.0,0.0,0.0,1.0,0.0,0.0,0.0,0.0,0.0,0.0,0.0,0.0,0.0,0.0,0.0,0.0,0.0,0.0,0.0,0.0,0.0,0.0,0.0,0.0,0.0,0.0,0.0,0.0,0.0,0.0,0.0,0.0,0.0,0.0,0.0,0.0,0.0,0.0,0.0
attack,"-3174""       )      ",union,union,seqgan_master,seqgan_master__phase2a__union__C__50__MASTER__raw_character__len20__gpre15__reward_off__seed88,148,20.0,8.0,1.9166422780956527,0.0,4.0,13.0,3.0,0.0,0.2,0.65,0.15,0.0,1.0,1.0,0.0,0.0,0.0,0.0,1.0,0.0,0.0,0.0,1.0,0.0,1.0,0.0,0.0,0.0,0.0,1.0,0.0,0.0,0.0,0.0,0.0,0.0,0.0,0.0,0.0,0.0,0.0,0.0,0.0,0.0,0.0,0.0,0.0,0.0,0.0,0.0,0.0,0.0,0.0,0.0,0.0,0.0,0.0,0.0,0.0,0.0,0.0,0.0,0.0,0.0,0.0
attack,-38-7174  )  )  )   ,union,union,seqgan_master,seqgan_master__phase2a__union__C__50__MASTER__raw_character__len20__gpre15__reward_off__seed88,149,20.0,8.0,2.4577174691301487,0.0,6.0,9.0,5.0,0.0,0.3,0.45,0.25,0.0,0.0,2.0,0.0,0.0,0.0,0.0,3.0,0.0,0.0,0.0,2.0,0.0,0.0,0.0,0.0,0.0,0.0,1.0,0.0,0.0,0.0,0.0,0.0,0.0,0.0,0.0,0.0,0.0,0.0,0.0,0.0,0.0,0.0,0.0,0.0,0.0,0.0,0.0,0.0,0.0,0.0,0.0,0.0,0.0,0.0,0.0,0.0,0.0,0.0,0.0,0.0,0.0,0.0
attack,-75442  )     selct ,union,union,seqgan_master,seqgan_master__phase2a__union__C__50__MASTER__raw_character__len20__gpre15__reward_off__seed88,150,20.0,12.0,3.0219280948873624,5.0,5.0,8.0,2.0,0.25,0.25,0.4,0.1,0.0,0.0,1.0,0.0,0.0,0.0,0.0,1.0,0.0,0.0,0.0,1.0,0.0,0.0,0.0,0.0,0.0,0.0,1.0,0.0,0.0,0.0,0.0,0.0,0.0,0.0,0.0,0.0,0.0,0.0,0.0,0.0,0.0,0.0,0.0,0.0,0.0,0.0,0.0,0.0,0.0,0.0,0.0,0.0,0.0,0.0,0.0,0.0,0.0,0.0,0.0,0.0,0.0,0.0
attack,-7secr%'   )      ) ,union,union,seqgan_master,seqgan_master__phase2a__union__C__50__MASTER__raw_character__len20__gpre15__reward_off__seed88,151,20.0,10.0,2.5609640474436812,4.0,1.0,10.0,5.0,0.2,0.05,0.5,0.25,1.0,0.0,1.0,0.0,0.0,0.0,0.0,2.0,1.0,0.0,0.0,1.0,1.0,0.0,0.0,0.0,0.0,0.0,1.0,0.0,0.0,0.0,0.0,0.0,0.0,0.0,0.0,0.0,0.0,0.0,0.0,0.0,0.0,0.0,0.0,0.0,0.0,0.0,0.0,0.0,0.0,0.0,0.0,0.0,0.0,0.0,0.0,0.0,0.0,0.0,0.0,0.0,0.0,0.0
attack,-6%4%0  )      )    ,union,union,seqgan_master,seqgan_master__phase2a__union__C__50__MASTER__raw_character__len20__gpre15__reward_off__seed88,152,20.0,7.0,1.9709505944546688,0.0,3.0,12.0,5.0,0.0,0.15,0.6,0.25,0.0,0.0,1.0,0.0,0.0,0.0,0.0,2.0,2.0,0.0,0.0,1.0,0.0,0.0,0.0,0.0,0.0,0.0,1.0,0.0,0.0,0.0,0.0,0.0,0.0,0.0,0.0,0.0,0.0,0.0,0.0,0.0,0.0,0.0,0.0,0.0,0.0,0.0,0.0,0.0,0.0,0.0,0.0,0.0,0.0,0.0,0.0,0.0,0.0,0.0,0.0,0.0,0.0,0.0
attack,-645142   )       ) ,union,union,seqgan_master,seqgan_master__phase2a__union__C__50__MASTER__raw_character__len20__gpre15__reward_off__seed88,153,20.0,8.0,2.219240704636849,0.0,6.0,11.0,3.0,0.0,0.3,0.55,0.15,0.0,0.0,1.0,0.0,0.0,0.0,0.0,2.0,0.0,0.0,0.0,1.0,0.0,0.0,0.0,0.0,0.0,0.0,1.0,0.0,0.0,0.0,0.0,0.0,0.0,0.0,0.0,0.0,0.0,0.0,0.0,0.0,0.0,0.0,0.0,0.0,0.0,0.0,0.0,0.0,0.0,0.0,0.0,0.0,0.0,0.0,0.0,0.0,0.0,0.0,0.0,0.0,0.0,0.0
attack,selct   srom  useele,union,union,seqgan_master,seqgan_master__phase2a__union__C__50__MASTER__raw_character__len20__gpre15__reward_off__seed88,154,20.0,10.0,3.0037016960573486,15.0,0.0,5.0,0.0,0.75,0.0,0.25,0.0,0.0,0.0,0.0,0.0,0.0,0.0,0.0,0.0,0.0,0.0,0.0,0.0,0.0,0.0,0.0,0.0,0.0,0.0,0.0,0.0,0.0,0.0,0.0,0.0,0.0,0.0,0.0,0.0,0.0,0.0,0.0,0.0,0.0,0.0,0.0,0.0,0.0,0.0,0.0,0.0,0.0,0.0,0.0,0.0,0.0,0.0,0.0,0.0,0.0,0.0,0.0,0.0,0.0,0.0
attack,-21520    f   )     ,union,union,seqgan_master,seqgan_master__phase2a__union__C__50__MASTER__raw_character__len20__gpre15__reward_off__seed88,155,20.0,8.0,2.070950594454669,1.0,5.0,12.0,2.0,0.05,0.25,0.6,0.1,0.0,0.0,1.0,0.0,0.0,0.0,0.0,1.0,0.0,0.0,0.0,1.0,0.0,0.0,0.0,0.0,0.0,0.0,1.0,0.0,0.0,0.0,0.0,0.0,0.0,0.0,0.0,0.0,0.0,0.0,0.0,0.0,0.0,0.0,0.0,0.0,0.0,0.0,0.0,0.0,0.0,0.0,0.0,0.0,0.0,0.0,0.0,0.0,0.0,0.0,0.0,0.0,0.0,0.0
attack,-753973' where40 f  ,union,union,seqgan_master,seqgan_master__phase2a__union__C__50__MASTER__raw_character__len20__gpre15__reward_off__seed88,156,20.0,14.0,3.6219280948873624,6.0,8.0,4.0,2.0,0.3,0.4,0.2,0.1,1.0,0.0,1.0,0.0,0.0,0.0,0.0,0.0,0.0,0.0,0.0,1.0,1.0,0.0,0.0,0.0,0.0,0.0,0.0,0.0,0.0,0.0,0.0,0.0,0.0,0.0,0.0,0.0,0.0,0.0,0.0,0.0,0.0,0.0,0.0,0.0,0.0,0.0,0.0,0.0,0.0,0.0,0.0,0.0,0.0,0.0,0.0,0.0,0.0,0.0,0.0,0.0,0.0,0.0
attack,-713z7  )    )    ) ,union,union,seqgan_master,seqgan_master__phase2a__union__C__50__MASTER__raw_character__len20__gpre15__reward_off__seed88,157,20.0,7.0,2.0814963295286755,1.0,4.0,11.0,4.0,0.05,0.2,0.55,0.2,0.0,0.0,1.0,0.0,0.0,0.0,0.0,3.0,0.0,0.0,0.0,1.0,0.0,0.0,0.0,0.0,0.0,0.0,1.0,0.0,0.0,0.0,0.0,0.0,0.0,0.0,0.0,0.0,0.0,0.0,0.0,0.0,0.0,0.0,0.0,0.0,0.0,0.0,0.0,0.0,0.0,0.0,0.0,0.0,0.0,0.0,0.0,0.0,0.0,0.0,0.0,0.0,0.0,0.0
attack,-972%   )     )     ,union,union,seqgan_master,seqgan_master__phase2a__union__C__50__MASTER__raw_character__len20__gpre15__reward_off__seed88,158,20.0,7.0,1.8166422780956526,0.0,3.0,13.0,4.0,0.0,0.15,0.65,0.2,0.0,0.0,1.0,0.0,0.0,0.0,0.0,2.0,1.0,0.0,0.0,1.0,0.0,0.0,0.0,0.0,0.0,0.0,1.0,0.0,0.0,0.0,0.0,0.0,0.0,0.0,0.0,0.0,0.0,0.0,0.0,0.0,0.0,0.0,0.0,0.0,0.0,0.0,0.0,0.0,0.0,0.0,0.0,0.0,0.0,0.0,0.0,0.0,0.0,0.0,0.0,0.0,0.0,0.0
attack," sect * * ""         ",union,union,seqgan_master,seqgan_master__phase2a__union__C__50__MASTER__raw_character__len20__gpre15__reward_off__seed88,159,20.0,7.0,1.8166422780956526,4.0,0.0,13.0,3.0,0.2,0.0,0.65,0.15,0.0,1.0,0.0,0.0,2.0,0.0,0.0,0.0,0.0,0.0,0.0,2.0,0.0,1.0,0.0,0.0,0.0,0.0,0.0,0.0,0.0,0.0,0.0,0.0,0.0,0.0,0.0,0.0,0.0,0.0,0.0,0.0,0.0,0.0,0.0,0.0,0.0,0.0,0.0,0.0,0.0,0.0,0.0,0.0,0.0,0.0,0.0,0.0,0.0,0.0,0.0,0.0,0.0,0.0
attack,-2589 )    )      an,union,union,seqgan_master,seqgan_master__phase2a__union__C__50__MASTER__raw_character__len20__gpre15__reward_off__seed88,160,20.0,9.0,2.319240704636849,2.0,4.0,11.0,3.0,0.1,0.2,0.55,0.15,0.0,0.0,1.0,0.0,0.0,0.0,0.0,2.0,0.0,0.0,0.0,1.0,0.0,0.0,0.0,0.0,0.0,0.0,1.0,0.0,0.0,0.0,0.0,0.0,0.0,0.0,0.0,0.0,0.0,0.0,0.0,0.0,0.0,0.0,0.0,0.0,0.0,0.0,0.0,0.0,0.0,0.0,0.0,0.0,0.0,0.0,0.0,0.0,0.0,0.0,0.0,0.0,0.0,0.0
attack,  selelect ) m  frem,union,union,seqgan_master,seqgan_master__phase2a__union__C__50__MASTER__raw_character__len20__gpre15__reward_off__seed88,161,20.0,10.0,2.9464393446710155,13.0,0.0,6.0,1.0,0.65,0.0,0.3,0.05,0.0,0.0,0.0,0.0,0.0,0.0,0.0,1.0,0.0,0.0,0.0,0.0,0.0,0.0,0.0,0.0,0.0,0.0,1.0,0.0,0.0,0.0,0.0,0.0,0.0,0.0,0.0,0.0,0.0,0.0,0.0,0.0,0.0,0.0,0.0,0.0,0.0,0.0,0.0,0.0,0.0,0.0,0.0,0.0,0.0,0.0,0.0,0.0,0.0,0.0,0.0,0.0,0.0,0.0
attack,"-179""  ue)9  u7   ) ",union,union,seqgan_master,seqgan_master__phase2a__union__C__50__MASTER__raw_character__len20__gpre15__reward_off__seed88,162,20.0,9.0,2.7219280948873625,3.0,5.0,8.0,4.0,0.15,0.25,0.4,0.2,0.0,1.0,1.0,0.0,0.0,0.0,0.0,2.0,0.0,0.0,0.0,1.0,0.0,1.0,0.0,0.0,0.0,0.0,1.0,0.0,0.0,0.0,0.0,0.0,0.0,0.0,0.0,0.0,0.0,0.0,0.0,0.0,0.0,0.0,0.0,0.0,0.0,0.0,0.0,0.0,0.0,0.0,0.0,0.0,0.0,0.0,0.0,0.0,0.0,0.0,0.0,0.0,0.0,0.0
attack,-776784'   )    )   ,union,union,seqgan_master,seqgan_master__phase2a__union__C__50__MASTER__raw_character__len20__gpre15__reward_off__seed88,163,20.0,8.0,2.323219672335508,0.0,6.0,10.0,4.0,0.0,0.3,0.5,0.2,1.0,0.0,1.0,0.0,0.0,0.0,0.0,2.0,0.0,0.0,0.0,1.0,1.0,0.0,0.0,0.0,0.0,0.0,1.0,0.0,0.0,0.0,0.0,0.0,0.0,0.0,0.0,0.0,0.0,0.0,0.0,0.0,0.0,0.0,0.0,0.0,0.0,0.0,0.0,0.0,0.0,0.0,0.0,0.0,0.0,0.0,0.0,0.0,0.0,0.0,0.0,0.0,0.0,0.0
attack,1%'  )     )       ),union,union,seqgan_master,seqgan_master__phase2a__union__C__50__MASTER__raw_character__len20__gpre15__reward_off__seed88,164,20.0,5.0,1.4190352743388661,0.0,1.0,14.0,5.0,0.0,0.05,0.7,0.25,1.0,0.0,0.0,0.0,0.0,0.0,0.0,3.0,1.0,0.0,0.0,0.0,1.0,0.0,0.0,0.0,0.0,0.0,1.0,0.0,0.0,0.0,0.0,0.0,0.0,0.0,0.0,0.0,0.0,0.0,0.0,0.0,0.0,0.0,0.0,0.0,0.0,0.0,0.0,0.0,0.0,0.0,0.0,0.0,0.0,0.0,0.0,0.0,0.0,0.0,0.0,0.0,0.0,0.0
attack, w0' '    )      )  ,union,union,seqgan_master,seqgan_master__phase2a__union__C__50__MASTER__raw_character__len20__gpre15__reward_off__seed88,165,20.0,5.0,1.4567796494470395,1.0,1.0,14.0,4.0,0.05,0.05,0.7,0.2,2.0,0.0,0.0,0.0,0.0,0.0,0.0,2.0,0.0,0.0,0.0,0.0,1.0,0.0,0.0,0.0,0.0,0.0,1.0,0.0,0.0,0.0,0.0,0.0,0.0,0.0,0.0,0.0,0.0,0.0,0.0,0.0,0.0,0.0,0.0,0.0,0.0,0.0,0.0,0.0,0.0,0.0,0.0,0.0,0.0,0.0,0.0,0.0,0.0,0.0,0.0,0.0,0.0,0.0
attack,-53475'  )     )i   ,union,union,seqgan_master,seqgan_master__phase2a__union__C__50__MASTER__raw_character__len20__gpre15__reward_off__seed88,166,20.0,9.0,2.4609640474436816,1.0,5.0,10.0,4.0,0.05,0.25,0.5,0.2,1.0,0.0,1.0,0.0,0.0,0.0,0.0,2.0,0.0,0.0,0.0,1.0,1.0,0.0,0.0,0.0,0.0,0.0,1.0,0.0,0.0,0.0,0.0,0.0,0.0,0.0,0.0,0.0,0.0,0.0,0.0,0.0,0.0,0.0,0.0,0.0,0.0,0.0,0.0,0.0,0.0,0.0,0.0,0.0,0.0,0.0,0.0,0.0,0.0,0.0,0.0,0.0,0.0,0.0
attack,   4  selcellect * f,union,union,seqgan_master,seqgan_master__phase2a__union__C__50__MASTER__raw_character__len20__gpre15__reward_off__seed88,167,20.0,9.0,2.763865121950854,11.0,1.0,7.0,1.0,0.55,0.05,0.35,0.05,0.0,0.0,0.0,0.0,1.0,0.0,0.0,0.0,0.0,0.0,0.0,1.0,0.0,0.0,0.0,0.0,0.0,0.0,0.0,0.0,0.0,0.0,0.0,0.0,0.0,0.0,0.0,0.0,0.0,0.0,0.0,0.0,0.0,0.0,0.0,0.0,0.0,0.0,0.0,0.0,0.0,0.0,0.0,0.0,0.0,0.0,0.0,0.0,0.0,0.0,0.0,0.0,0.0,0.0
attack,19    f     )     wh,union,union,seqgan_master,seqgan_master__phase2a__union__C__50__MASTER__raw_character__len20__gpre15__reward_off__seed88,168,20.0,7.0,1.6567796494470397,3.0,2.0,14.0,1.0,0.15,0.1,0.7,0.05,0.0,0.0,0.0,0.0,0.0,0.0,0.0,1.0,0.0,0.0,0.0,0.0,0.0,0.0,0.0,0.0,0.0,0.0,1.0,0.0,0.0,0.0,0.0,0.0,0.0,0.0,0.0,0.0,0.0,0.0,0.0,0.0,0.0,0.0,0.0,0.0,0.0,0.0,0.0,0.0,0.0,0.0,0.0,0.0,0.0,0.0,0.0,0.0,0.0,0.0,0.0,0.0,0.0,0.0
attack,1  ) )         uni  ,union,union,seqgan_master,seqgan_master__phase2a__union__C__50__MASTER__raw_character__len20__gpre15__reward_off__seed88,169,20.0,6.0,1.5567796494470396,3.0,1.0,14.0,2.0,0.15,0.05,0.7,0.1,0.0,0.0,0.0,0.0,0.0,0.0,0.0,2.0,0.0,0.0,0.0,0.0,0.0,0.0,0.0,0.0,0.0,0.0,1.0,0.0,0.0,0.0,0.0,0.0,0.0,0.0,0.0,0.0,0.0,0.0,0.0,0.0,0.0,0.0,0.0,0.0,0.0,0.0,0.0,0.0,0.0,0.0,0.0,0.0,0.0,0.0,0.0,0.0,0.0,0.0,0.0,0.0,0.0,0.0
attack,1  )  uo )  )      ),union,union,seqgan_master,seqgan_master__phase2a__union__C__50__MASTER__raw_character__len20__gpre15__reward_off__seed88,170,20.0,5.0,1.5166422780956523,2.0,1.0,13.0,4.0,0.1,0.05,0.65,0.2,0.0,0.0,0.0,0.0,0.0,0.0,0.0,4.0,0.0,0.0,0.0,0.0,0.0,0.0,0.0,0.0,0.0,0.0,1.0,0.0,0.0,0.0,0.0,0.0,0.0,0.0,0.0,0.0,0.0,0.0,0.0,0.0,0.0,0.0,0.0,0.0,0.0,0.0,0.0,0.0,0.0,0.0,0.0,0.0,0.0,0.0,0.0,0.0,0.0,0.0,0.0,0.0,0.0,0.0
attack,-83'' )      )     u,union,union,seqgan_master,seqgan_master__phase2a__union__C__50__MASTER__raw_character__len20__gpre15__reward_off__seed88,171,20.0,7.0,1.9709505944546688,1.0,2.0,12.0,5.0,0.05,0.1,0.6,0.25,2.0,0.0,1.0,0.0,0.0,0.0,0.0,2.0,0.0,0.0,0.0,1.0,1.0,0.0,0.0,0.0,0.0,0.0,1.0,0.0,0.0,0.0,0.0,0.0,0.0,0.0,0.0,0.0,0.0,0.0,0.0,0.0,0.0,0.0,0.0,0.0,0.0,0.0,0.0,0.0,0.0,0.0,0.0,0.0,0.0,0.0,0.0,0.0,0.0,0.0,0.0,0.0,0.0,0.0
attack,  seelect from serse,union,union,seqgan_master,seqgan_master__phase2a__union__C__50__MASTER__raw_character__len20__gpre15__reward_off__seed88,172,20.0,10.0,3.0037016960573486,16.0,0.0,4.0,0.0,0.8,0.0,0.2,0.0,0.0,0.0,0.0,0.0,0.0,0.0,0.0,0.0,0.0,0.0,0.0,0.0,0.0,0.0,0.0,0.0,0.0,0.0,0.0,0.0,0.0,0.0,0.0,0.0,0.0,0.0,1.0,0.0,0.0,0.0,0.0,0.0,0.0,0.0,0.0,0.0,0.0,0.0,0.0,0.0,0.0,0.0,0.0,0.0,0.0,0.0,0.0,0.0,0.0,0.0,0.0,0.0,0.0,1.0
attack,"1%""  )      )      )",union,union,seqgan_master,seqgan_master__phase2a__union__C__50__MASTER__raw_character__len20__gpre15__reward_off__seed88,173,20.0,5.0,1.4190352743388661,0.0,1.0,14.0,5.0,0.0,0.05,0.7,0.25,0.0,1.0,0.0,0.0,0.0,0.0,0.0,3.0,1.0,0.0,0.0,0.0,0.0,1.0,0.0,0.0,0.0,0.0,1.0,0.0,0.0,0.0,0.0,0.0,0.0,0.0,0.0,0.0,0.0,0.0,0.0,0.0,0.0,0.0,0.0,0.0,0.0,0.0,0.0,0.0,0.0,0.0,0.0,0.0,0.0,0.0,0.0,0.0,0.0,0.0,0.0,0.0,0.0,0.0
attack,  select zrom    )  ,union,union,seqgan_master,seqgan_master__phase2a__union__C__50__MASTER__raw_character__len20__gpre15__reward_off__seed88,174,20.0,11.0,2.7954618442383223,10.0,0.0,9.0,1.0,0.5,0.0,0.45,0.05,0.0,0.0,0.0,0.0,0.0,0.0,0.0,1.0,0.0,0.0,0.0,0.0,0.0,0.0,0.0,0.0,0.0,0.0,1.0,0.0,0.0,0.0,0.0,1.0,0.0,0.0,0.0,0.0,0.0,0.0,0.0,0.0,0.0,0.0,0.0,0.0,0.0,0.0,0.0,0.0,0.0,0.0,0.0,0.0,0.0,0.0,0.0,0.0,0.0,0.0,0.0,0.0,0.0,1.0
attack,-427451'  i%selelek ,union,union,seqgan_master,seqgan_master__phase2a__union__C__50__MASTER__raw_character__len20__gpre15__reward_off__seed88,175,20.0,14.0,3.6464393446710157,8.0,6.0,3.0,3.0,0.4,0.3,0.15,0.15,1.0,0.0,1.0,0.0,0.0,0.0,0.0,0.0,1.0,0.0,0.0,1.0,1.0,0.0,0.0,0.0,0.0,0.0,0.0,0.0,0.0,0.0,0.0,0.0,0.0,0.0,0.0,0.0,0.0,0.0,0.0,0.0,0.0,0.0,0.0,0.0,0.0,0.0,0.0,0.0,0.0,0.0,0.0,0.0,0.0,0.0,0.0,0.0,0.0,0.0,0.0,0.0,0.0,0.0
attack,1%' f  ))     )    ),union,union,seqgan_master,seqgan_master__phase2a__union__C__50__MASTER__raw_character__len20__gpre15__reward_off__seed88,176,20.0,6.0,1.7709505944546686,1.0,1.0,12.0,6.0,0.05,0.05,0.6,0.3,1.0,0.0,0.0,0.0,0.0,0.0,0.0,4.0,1.0,0.0,0.0,0.0,1.0,0.0,0.0,0.0,0.0,0.0,1.0,0.0,0.0,0.0,0.0,0.0,0.0,0.0,0.0,0.0,0.0,0.0,0.0,0.0,0.0,0.0,0.0,0.0,0.0,0.0,0.0,0.0,0.0,0.0,0.0,0.0,0.0,0.0,0.0,0.0,0.0,0.0,0.0,0.0,0.0,0.0
attack,"-4150""   )     u8  )",union,union,seqgan_master,seqgan_master__phase2a__union__C__50__MASTER__raw_character__len20__gpre15__reward_off__seed88,177,20.0,10.0,2.5609640474436812,1.0,5.0,10.0,4.0,0.05,0.25,0.5,0.2,0.0,1.0,1.0,0.0,0.0,0.0,0.0,2.0,0.0,0.0,0.0,1.0,0.0,1.0,0.0,0.0,0.0,0.0,1.0,0.0,0.0,0.0,0.0,0.0,0.0,0.0,0.0,0.0,0.0,0.0,0.0,0.0,0.0,0.0,0.0,0.0,0.0,0.0,0.0,0.0,0.0,0.0,0.0,0.0,0.0,0.0,0.0,0.0,0.0,0.0,0.0,0.0,0.0,0.0
attack,"-40""  )     )      )",union,union,seqgan_master,seqgan_master__phase2a__union__C__50__MASTER__raw_character__len20__gpre15__reward_off__seed88,178,20.0,6.0,1.678897902987479,0.0,2.0,13.0,5.0,0.0,0.1,0.65,0.25,0.0,1.0,1.0,0.0,0.0,0.0,0.0,3.0,0.0,0.0,0.0,1.0,0.0,1.0,0.0,0.0,0.0,0.0,1.0,0.0,0.0,0.0,0.0,0.0,0.0,0.0,0.0,0.0,0.0,0.0,0.0,0.0,0.0,0.0,0.0,0.0,0.0,0.0,0.0,0.0,0.0,0.0,0.0,0.0,0.0,0.0,0.0,0.0,0.0,0.0,0.0,0.0,0.0,0.0
attack,-712'  un i n)   um ,union,union,seqgan_master,seqgan_master__phase2a__union__C__50__MASTER__raw_character__len20__gpre15__reward_off__seed88,179,20.0,11.0,2.9219280948873623,6.0,3.0,8.0,3.0,0.3,0.15,0.4,0.15,1.0,0.0,1.0,0.0,0.0,0.0,0.0,1.0,0.0,0.0,0.0,1.0,1.0,0.0,0.0,0.0,0.0,0.0,1.0,0.0,0.0,0.0,0.0,0.0,0.0,0.0,0.0,0.0,0.0,0.0,0.0,0.0,0.0,0.0,0.0,0.0,0.0,0.0,0.0,0.0,0.0,0.0,0.0,0.0,0.0,0.0,0.0,0.0,0.0,0.0,0.0,0.0,0.0,0.0
attack,"-0"" )      )    )   ",union,union,seqgan_master,seqgan_master__phase2a__union__C__50__MASTER__raw_character__len20__gpre15__reward_off__seed88,180,20.0,5.0,1.4190352743388661,0.0,1.0,14.0,5.0,0.0,0.05,0.7,0.25,0.0,1.0,1.0,0.0,0.0,0.0,0.0,3.0,0.0,0.0,0.0,1.0,0.0,1.0,0.0,0.0,0.0,0.0,1.0,0.0,0.0,0.0,0.0,0.0,0.0,0.0,0.0,0.0,0.0,0.0,0.0,0.0,0.0,0.0,0.0,0.0,0.0,0.0,0.0,0.0,0.0,0.0,0.0,0.0,0.0,0.0,0.0,0.0,0.0,0.0,0.0,0.0,0.0,0.0
attack,1' ahleO' * sect fr ,union,union,seqgan_master,seqgan_master__phase2a__union__C__50__MASTER__raw_character__len20__gpre15__reward_off__seed88,181,20.0,14.0,3.541446071165522,11.0,1.0,5.0,3.0,0.55,0.05,0.25,0.15,2.0,0.0,0.0,0.0,1.0,0.0,0.0,0.0,0.0,0.0,0.0,1.0,1.0,0.0,0.0,0.0,0.0,0.0,0.0,0.0,0.0,0.0,0.0,0.0,0.0,0.0,0.0,0.0,0.0,0.0,0.0,0.0,0.0,0.0,0.0,0.0,0.0,0.0,0.0,0.0,0.0,0.0,0.0,0.0,0.0,0.0,0.0,0.0,0.0,0.0,0.0,0.0,0.0,0.0
attack,"-2107' aaoseteree""  ",union,union,seqgan_master,seqgan_master__phase2a__union__C__50__MASTER__raw_character__len20__gpre15__reward_off__seed88,182,20.0,14.0,3.584183719779189,10.0,4.0,3.0,3.0,0.5,0.2,0.15,0.15,1.0,1.0,1.0,0.0,0.0,0.0,0.0,0.0,0.0,0.0,0.0,1.0,1.0,1.0,0.0,0.0,0.0,0.0,0.0,0.0,0.0,0.0,0.0,0.0,0.0,0.0,0.0,0.0,0.0,0.0,0.0,0.0,0.0,0.0,0.0,0.0,0.0,0.0,0.0,0.0,0.0,0.0,0.0,0.0,0.0,0.0,0.0,0.0,0.0,0.0,0.0,0.0,0.0,0.0
attack,"-47""'  )     )    ) ",union,union,seqgan_master,seqgan_master__phase2a__union__C__50__MASTER__raw_character__len20__gpre15__reward_off__seed88,183,20.0,7.0,1.9332062193464954,0.0,2.0,12.0,6.0,0.0,0.1,0.6,0.3,1.0,1.0,1.0,0.0,0.0,0.0,0.0,3.0,0.0,0.0,0.0,1.0,1.0,1.0,0.0,0.0,0.0,0.0,1.0,0.0,0.0,0.0,0.0,0.0,0.0,0.0,0.0,0.0,0.0,0.0,0.0,0.0,0.0,0.0,0.0,0.0,0.0,0.0,0.0,0.0,0.0,0.0,0.0,0.0,0.0,0.0,0.0,0.0,0.0,0.0,0.0,0.0,0.0,0.0
attack,1    seleect * from ,union,union,seqgan_master,seqgan_master__phase2a__union__C__50__MASTER__raw_character__len20__gpre15__reward_off__seed88,184,20.0,12.0,3.1016094970590276,11.0,1.0,7.0,1.0,0.55,0.05,0.35,0.05,0.0,0.0,0.0,0.0,1.0,0.0,0.0,0.0,0.0,0.0,0.0,1.0,0.0,0.0,0.0,0.0,0.0,0.0,0.0,0.0,0.0,0.0,0.0,0.0,0.0,0.0,1.0,0.0,0.0,0.0,0.0,0.0,0.0,0.0,0.0,0.0,0.0,0.0,0.0,0.0,0.0,0.0,0.0,0.0,0.0,0.0,0.0,0.0,0.0,0.0,0.0,0.0,0.0,1.0
attack,fr'   )   )      u4 ,union,union,seqgan_master,seqgan_master__phase2a__union__C__50__MASTER__raw_character__len20__gpre15__reward_off__seed88,185,20.0,7.0,1.8166422780956526,3.0,1.0,13.0,3.0,0.15,0.05,0.65,0.15,1.0,0.0,0.0,0.0,0.0,0.0,0.0,2.0,0.0,0.0,0.0,0.0,1.0,0.0,0.0,0.0,0.0,0.0,1.0,0.0,0.0,0.0,0.0,0.0,0.0,0.0,0.0,0.0,0.0,0.0,0.0,0.0,0.0,0.0,0.0,0.0,0.0,0.0,0.0,0.0,0.0,0.0,0.0,0.0,0.0,0.0,0.0,0.0,0.0,0.0,0.0,0.0,0.0,0.0
attack, seerselect * * from,union,union,seqgan_master,seqgan_master__phase2a__union__C__50__MASTER__raw_character__len20__gpre15__reward_off__seed88,186,20.0,11.0,3.2219280948873625,14.0,0.0,4.0,2.0,0.7,0.0,0.2,0.1,0.0,0.0,0.0,0.0,2.0,0.0,0.0,0.0,0.0,0.0,0.0,2.0,0.0,0.0,0.0,0.0,0.0,0.0,0.0,0.0,0.0,0.0,0.0,0.0,0.0,0.0,1.0,0.0,0.0,0.0,0.0,0.0,0.0,0.0,0.0,0.0,0.0,0.0,0.0,0.0,0.0,0.0,0.0,0.0,0.0,0.0,0.0,0.0,0.0,0.0,0.0,0.0,0.0,1.0
attack,-478770    useelect ,union,union,seqgan_master,seqgan_master__phase2a__union__C__50__MASTER__raw_character__len20__gpre15__reward_off__seed88,187,20.0,12.0,3.265957320949175,8.0,6.0,5.0,1.0,0.4,0.3,0.25,0.05,0.0,0.0,1.0,0.0,0.0,0.0,0.0,0.0,0.0,0.0,0.0,1.0,0.0,0.0,0.0,0.0,0.0,0.0,0.0,0.0,0.0,0.0,0.0,0.0,0.0,0.0,0.0,0.0,0.0,0.0,0.0,0.0,0.0,0.0,0.0,0.0,0.0,0.0,0.0,0.0,0.0,0.0,0.0,0.0,0.0,0.0,0.0,0.0,0.0,0.0,0.0,0.0,0.0,0.0
attack,-77159 %   )     )  ,union,union,seqgan_master,seqgan_master__phase2a__union__C__50__MASTER__raw_character__len20__gpre15__reward_off__seed88,188,20.0,8.0,2.219240704636849,0.0,5.0,11.0,4.0,0.0,0.25,0.55,0.2,0.0,0.0,1.0,0.0,0.0,0.0,0.0,2.0,1.0,0.0,0.0,1.0,0.0,0.0,0.0,0.0,0.0,0.0,1.0,0.0,0.0,0.0,0.0,0.0,0.0,0.0,0.0,0.0,0.0,0.0,0.0,0.0,0.0,0.0,0.0,0.0,0.0,0.0,0.0,0.0,0.0,0.0,0.0,0.0,0.0,0.0,0.0,0.0,0.0,0.0,0.0,0.0,0.0,0.0
attack,"""    )      )       ",union,union,seqgan_master,seqgan_master__phase2a__union__C__50__MASTER__raw_character__len20__gpre15__reward_off__seed88,189,20.0,3.0,0.7475846798245739,0.0,0.0,17.0,3.0,0.0,0.0,0.85,0.15,0.0,1.0,0.0,0.0,0.0,0.0,0.0,2.0,0.0,0.0,0.0,0.0,0.0,1.0,0.0,0.0,0.0,0.0,1.0,0.0,0.0,0.0,0.0,0.0,0.0,0.0,0.0,0.0,0.0,0.0,0.0,0.0,0.0,0.0,0.0,0.0,0.0,0.0,0.0,0.0,0.0,0.0,0.0,0.0,0.0,0.0,0.0,0.0,0.0,0.0,0.0,0.0,0.0,0.0
attack,-406514    )     )  ,union,union,seqgan_master,seqgan_master__phase2a__union__C__50__MASTER__raw_character__len20__gpre15__reward_off__seed88,190,20.0,8.0,2.219240704636849,0.0,6.0,11.0,3.0,0.0,0.3,0.55,0.15,0.0,0.0,1.0,0.0,0.0,0.0,0.0,2.0,0.0,0.0,0.0,1.0,0.0,0.0,0.0,0.0,0.0,0.0,1.0,0.0,0.0,0.0,0.0,0.0,0.0,0.0,0.0,0.0,0.0,0.0,0.0,0.0,0.0,0.0,0.0,0.0,0.0,0.0,0.0,0.0,0.0,0.0,0.0,0.0,0.0,0.0,0.0,0.0,0.0,0.0,0.0,0.0,0.0,0.0
attack,-774`484'   s )     ,union,union,seqgan_master,seqgan_master__phase2a__union__C__50__MASTER__raw_character__len20__gpre15__reward_off__seed88,191,20.0,9.0,2.5577174691301487,1.0,6.0,9.0,4.0,0.05,0.3,0.45,0.2,1.0,0.0,1.0,0.0,0.0,0.0,0.0,1.0,0.0,0.0,0.0,1.0,1.0,0.0,0.0,0.0,0.0,0.0,1.0,0.0,0.0,0.0,0.0,0.0,0.0,0.0,0.0,0.0,0.0,0.0,0.0,0.0,0.0,0.0,0.0,0.0,0.0,0.0,0.0,0.0,0.0,0.0,0.0,0.0,0.0,0.0,0.0,0.0,0.0,0.0,0.0,0.0,0.0,0.0
attack,13   anion  )     f ,union,union,seqgan_master,seqgan_master__phase2a__union__C__50__MASTER__raw_character__len20__gpre15__reward_off__seed88,192,20.0,9.0,2.319240704636849,6.0,2.0,11.0,1.0,0.3,0.1,0.55,0.05,0.0,0.0,0.0,0.0,0.0,0.0,0.0,1.0,0.0,0.0,0.0,0.0,0.0,0.0,0.0,0.0,0.0,0.0,1.0,0.0,0.0,0.0,0.0,0.0,0.0,0.0,0.0,0.0,0.0,0.0,0.0,0.0,0.0,0.0,0.0,0.0,0.0,0.0,0.0,0.0,0.0,0.0,0.0,0.0,0.0,0.0,0.0,0.0,0.0,0.0,0.0,0.0,0.0,0.0
attack,-95900 1   )     )  ,union,union,seqgan_master,seqgan_master__phase2a__union__C__50__MASTER__raw_character__len20__gpre15__reward_off__seed88,193,20.0,7.0,2.119240704636849,0.0,6.0,11.0,3.0,0.0,0.3,0.55,0.15,0.0,0.0,1.0,0.0,0.0,0.0,0.0,2.0,0.0,0.0,0.0,1.0,0.0,0.0,0.0,0.0,0.0,0.0,1.0,0.0,0.0,0.0,0.0,0.0,0.0,0.0,0.0,0.0,0.0,0.0,0.0,0.0,0.0,0.0,0.0,0.0,0.0,0.0,0.0,0.0,0.0,0.0,0.0,0.0,0.0,0.0,0.0,0.0,0.0,0.0,0.0,0.0,0.0,0.0
attack,- 429 u7   uselecrok,union,union,seqgan_master,seqgan_master__phase2a__union__C__50__MASTER__raw_character__len20__gpre15__reward_off__seed88,194,20.0,14.0,3.541446071165522,10.0,4.0,5.0,1.0,0.5,0.2,0.25,0.05,0.0,0.0,1.0,0.0,0.0,0.0,0.0,0.0,0.0,0.0,0.0,1.0,0.0,0.0,0.0,0.0,0.0,0.0,0.0,0.0,0.0,0.0,0.0,0.0,0.0,0.0,0.0,0.0,0.0,0.0,0.0,0.0,0.0,0.0,0.0,0.0,0.0,0.0,0.0,0.0,0.0,0.0,0.0,0.0,0.0,0.0,0.0,0.0,0.0,0.0,0.0,0.0,0.0,0.0
attack,-6%20'     uselecu09,union,union,seqgan_master,seqgan_master__phase2a__union__C__50__MASTER__raw_character__len20__gpre15__reward_off__seed88,195,20.0,13.0,3.441446071165522,7.0,5.0,5.0,3.0,0.35,0.25,0.25,0.15,1.0,0.0,1.0,0.0,0.0,0.0,0.0,0.0,1.0,0.0,0.0,1.0,1.0,0.0,0.0,0.0,0.0,0.0,0.0,0.0,1.0,0.0,0.0,0.0,0.0,0.0,0.0,0.0,0.0,0.0,0.0,0.0,0.0,0.0,0.0,0.0,0.0,0.0,0.0,0.0,0.0,0.0,0.0,0.0,0.0,0.0,0.0,0.0,0.0,0.0,0.0,0.0,0.0,0.0
attack,-85044   )    )     ,union,union,seqgan_master,seqgan_master__phase2a__union__C__50__MASTER__raw_character__len20__gpre15__reward_off__seed88,196,20.0,7.0,1.9709505944546688,0.0,5.0,12.0,3.0,0.0,0.25,0.6,0.15,0.0,0.0,1.0,0.0,0.0,0.0,0.0,2.0,0.0,0.0,0.0,1.0,0.0,0.0,0.0,0.0,0.0,0.0,1.0,0.0,0.0,0.0,0.0,0.0,0.0,0.0,0.0,0.0,0.0,0.0,0.0,0.0,0.0,0.0,0.0,0.0,0.0,0.0,0.0,0.0,0.0,0.0,0.0,0.0,0.0,0.0,0.0,0.0,0.0,0.0,0.0,0.0,0.0,0.0
attack,-73290%  )    )     ,union,union,seqgan_master,seqgan_master__phase2a__union__C__50__MASTER__raw_character__len20__gpre15__reward_off__seed88,197,20.0,9.0,2.319240704636849,0.0,5.0,11.0,4.0,0.0,0.25,0.55,0.2,0.0,0.0,1.0,0.0,0.0,0.0,0.0,2.0,1.0,0.0,0.0,1.0,0.0,0.0,0.0,0.0,0.0,0.0,1.0,0.0,0.0,0.0,0.0,0.0,0.0,0.0,0.0,0.0,0.0,0.0,0.0,0.0,0.0,0.0,0.0,0.0,0.0,0.0,0.0,0.0,0.0,0.0,0.0,0.0,0.0,0.0,0.0,0.0,0.0,0.0,0.0,0.0,0.0,0.0
attack,-25477733   )     ) ,union,union,seqgan_master,seqgan_master__phase2a__union__C__50__MASTER__raw_character__len20__gpre15__reward_off__seed88,198,20.0,8.0,2.4577174691301487,0.0,8.0,9.0,3.0,0.0,0.4,0.45,0.15,0.0,0.0,1.0,0.0,0.0,0.0,0.0,2.0,0.0,0.0,0.0,1.0,0.0,0.0,0.0,0.0,0.0,0.0,1.0,0.0,0.0,0.0,0.0,0.0,0.0,0.0,0.0,0.0,0.0,0.0,0.0,0.0,0.0,0.0,0.0,0.0,0.0,0.0,0.0,0.0,0.0,0.0,0.0,0.0,0.0,0.0,0.0,0.0,0.0,0.0,0.0,0.0,0.0,0.0
attack,-28448  uselecuesect,union,union,seqgan_master,seqgan_master__phase2a__union__C__50__MASTER__raw_character__len20__gpre15__reward_off__seed88,199,20.0,11.0,3.3219280948873626,12.0,5.0,2.0,1.0,0.6,0.25,0.1,0.05,0.0,0.0,1.0,0.0,0.0,0.0,0.0,0.0,0.0,0.0,0.0,1.0,0.0,0.0,0.0,0.0,0.0,0.0,0.0,0.0,0.0,0.0,0.0,0.0,0.0,0.0,0.0,0.0,0.0,0.0,0.0,0.0,0.0,0.0,0.0,0.0,0.0,0.0,0.0,0.0,0.0,0.0,0.0,0.0,0.0,0.0,0.0,0.0,0.0,0.0,0.0,0.0,0.0,0.0
