id,label,payload_type,payload,retrieval_method,retrieval_source_id,retrieval_distance
GAN_000001,attack,union,"1'  )   where 5799  =  5799 union all select null,null,null,null,null--",nearest_attack_euclidean,R001509,3.237202254525953
GAN_000002,attack,union,"-4452%"" union all select 7141,7141,7141,7141,7141,7141,7141,7141--",nearest_attack_euclidean,R001308,8.674969993257559
GAN_000003,attack,union,"1'  )   where 5071  =  5071 union all select null,null,null,null,null,null,null--",nearest_attack_euclidean,R001481,4.303126759340375
GAN_000004,attack,union,"-1891' in boolean mode  )   union all select 6680,6680,6680,6680,6680,6680,6680,6680#",nearest_attack_euclidean,R000269,5.449145586024525
GAN_000005,attack,union,"1'  )   as vpop where 2528  =  2528 union all select null,null,null,null,null,null,null#",nearest_attack_euclidean,R000331,4.818694154342954
GAN_000006,attack,union,"1'  )   where 5799  =  5799 union all select null,null,null,null,null--",nearest_attack_euclidean,R001509,3.2994479679882103
GAN_000007,attack,union,"1'  )   as vpop where 2528  =  2528 union all select null,null,null,null,null,null,null#",nearest_attack_euclidean,R000331,5.07207905862008
GAN_000008,attack,union,"1'||  (  select 'pygt' from dual where 5543  =  5543 union all select null,null,null,null,null,null#",nearest_attack_euclidean,R000852,5.541055261226671
GAN_000009,attack,union,"1'  )   as vpop where 2528  =  2528 union all select null,null,null,null,null,null,null#",nearest_attack_euclidean,R000331,4.721687767231345
GAN_000010,attack,union,"-9808' in boolean mode  )   union all select 2528,2528,2528,2528,2528,2528,2528--",nearest_attack_euclidean,R001310,3.7941118187626732
GAN_000011,attack,union,"1'  )   where 1577  =  1577 union all select null,null,null,null,null,null#",nearest_attack_euclidean,R000307,4.246702093497433
GAN_000012,attack,union,"-2316%' union all select 8636,8636,8636,8636,8636,8636,8636--",nearest_attack_euclidean,R001238,7.105713502554321
GAN_000013,attack,union,"1%'  )   union all select null,null,null,null,null,null,null,null--",nearest_attack_euclidean,R000970,6.812805929178436
GAN_000014,attack,union,"-1891' in boolean mode  )   union all select 6680,6680,6680,6680,6680,6680,6680,6680#",nearest_attack_euclidean,R000269,4.106347357876569
GAN_000015,attack,union,"-9808' in boolean mode  )   union all select 2528,2528,2528,2528,2528,2528,2528--",nearest_attack_euclidean,R001310,4.363321077039675
GAN_000016,attack,union,"-6580'  )   union all select 9950,9950,9950,9950,9950,9950--",nearest_attack_euclidean,R000924,5.801829184083651
GAN_000017,attack,union,"1'  )   where 9006  =  9006 union all select null,null,null,null,null,null--",nearest_attack_euclidean,R000748,3.2357610428596897
GAN_000018,attack,union,"-2382%'  )   union all select 8885,8885,8885,8885,8885,8885,8885#",nearest_attack_euclidean,R001263,5.708079114534061
GAN_000019,attack,union,"1'  )   where 5925  =  5925 union all select null,null,null,null,null,null,null#",nearest_attack_euclidean,R001205,4.2366245801243725
GAN_000020,attack,union,"-4452%"" union all select 7141,7141,7141,7141,7141,7141,7141,7141--",nearest_attack_euclidean,R001308,6.916189558954177
GAN_000021,attack,union,"1%'  )   union all select null,null,null,null,null,null--",nearest_attack_euclidean,R001248,5.564941959314022
GAN_000022,attack,union,"1'||  (  select 'pygt' from dual where 5543  =  5543 union all select null,null,null,null,null,null#",nearest_attack_euclidean,R000852,5.680542616668327
GAN_000023,attack,union,"1%'  )   union all select null,null,null,null,null,null--",nearest_attack_euclidean,R001248,5.413145838839844
GAN_000024,attack,union,"-9808' in boolean mode  )   union all select 2528,2528,2528,2528,2528,2528,2528--",nearest_attack_euclidean,R001310,4.750550287736684
GAN_000025,attack,union,"-9808' in boolean mode  )   union all select 2528,2528,2528,2528,2528,2528,2528--",nearest_attack_euclidean,R001310,4.959935429129252
GAN_000026,attack,union,"1'  )   where 9006  =  9006 union all select null,null,null,null,null,null--",nearest_attack_euclidean,R000748,3.779748458662348
GAN_000027,attack,union,"-2382%'  )   union all select 8885,8885,8885,8885,8885,8885,8885#",nearest_attack_euclidean,R001263,5.183172749945368
GAN_000028,attack,union,"-4452%"" union all select 7141,7141,7141,7141,7141,7141,7141,7141--",nearest_attack_euclidean,R001308,8.356605348331566
GAN_000029,attack,union,"1'  )   where 9006  =  9006 union all select null,null,null,null,null,null--",nearest_attack_euclidean,R000748,4.572903619480914
GAN_000030,attack,union,"1'  )   where 9006  =  9006 union all select null,null,null,null,null,null--",nearest_attack_euclidean,R000748,4.534904171146545
GAN_000031,attack,union,"1'||  (  select 'pygt' from dual where 5543  =  5543 union all select null,null,null,null,null,null#",nearest_attack_euclidean,R000852,6.001087288067068
GAN_000032,attack,union,"-6334'  )   union all select 3738,3738,3738,3738,3738,3738,3738,3738--",nearest_attack_euclidean,R001406,4.578494686415934
GAN_000033,attack,union,"1'  )   as vpop where 2528  =  2528 union all select null,null,null,null,null,null,null#",nearest_attack_euclidean,R000331,4.285139618559105
GAN_000034,attack,union,"-2316%' union all select 8636,8636,8636,8636,8636,8636,8636--",nearest_attack_euclidean,R001238,6.715453833201284
GAN_000035,attack,union,"1'  )   as vpop where 2528  =  2528 union all select null,null,null,null,null,null,null#",nearest_attack_euclidean,R000331,5.908524080999418
GAN_000036,attack,union,"1'  )   where 5925  =  5925 union all select null,null,null,null,null,null,null#",nearest_attack_euclidean,R001205,3.645915422451914
GAN_000037,attack,union,"1'  )   as vpop where 2528  =  2528 union all select null,null,null,null,null,null,null#",nearest_attack_euclidean,R000331,5.075466172343709
GAN_000038,attack,union,"1'  )   where 5799  =  5799 union all select null,null,null,null,null--",nearest_attack_euclidean,R001509,3.141779137937736
GAN_000039,attack,union,"-1164""  )   union all select 6617,6617,6617,6617,6617,6617--",nearest_attack_euclidean,R000585,4.660105236906051
GAN_000040,attack,union,"1'  )   where 9006  =  9006 union all select null,null,null,null,null,null--",nearest_attack_euclidean,R000748,3.5104307520660867
GAN_000041,attack,union,"1'  )   where 9006  =  9006 union all select null,null,null,null,null,null--",nearest_attack_euclidean,R000748,3.491016329501393
GAN_000042,attack,union,"1'||  (  select 'pygt' from dual where 5543  =  5543 union all select null,null,null,null,null,null#",nearest_attack_euclidean,R000852,6.849562041641451
GAN_000043,attack,union,"1'  )   as vpop where 2528  =  2528 union all select null,null,null,null,null,null,null#",nearest_attack_euclidean,R000331,4.117425755185578
GAN_000044,attack,union,"-4452%"" union all select 7141,7141,7141,7141,7141,7141,7141,7141--",nearest_attack_euclidean,R001308,9.066979245071105
GAN_000045,attack,union,"-1891' in boolean mode  )   union all select 6680,6680,6680,6680,6680,6680,6680,6680#",nearest_attack_euclidean,R000269,5.153843852224034
GAN_000046,attack,union,"-9808' in boolean mode  )   union all select 2528,2528,2528,2528,2528,2528,2528--",nearest_attack_euclidean,R001310,3.4167322021976387
GAN_000047,attack,union,"1'  )   where 9006  =  9006 union all select null,null,null,null,null,null--",nearest_attack_euclidean,R000748,3.4638229644171195
GAN_000048,attack,union,"1'  )   where 5925  =  5925 union all select null,null,null,null,null,null,null#",nearest_attack_euclidean,R001205,4.271488517797595
GAN_000049,attack,union,"1'  )   as saqp where 6612  =  6612 union all select null,null,null,null,null,null,null--",nearest_attack_euclidean,R000618,4.258291772237064
GAN_000050,attack,union,"-2382%'  )   union all select 8885,8885,8885,8885,8885,8885,8885#",nearest_attack_euclidean,R001263,4.834968360601778
GAN_000051,attack,union,"1'||  (  select 'pygt' from dual where 5543  =  5543 union all select null,null,null,null,null,null#",nearest_attack_euclidean,R000852,7.438527418582238
GAN_000052,attack,union,"1' in boolean mode  )   union all select null,null,null,null,null,null,null--",nearest_attack_euclidean,R000742,7.099158768408997
GAN_000053,attack,union,"1'+  (  select cjcp where 2590  =  2590 union all select null,null,null,null,null,null,null#",nearest_attack_euclidean,R000489,5.942770758515213
GAN_000054,attack,union,"-6580'  )   union all select 9950,9950,9950,9950,9950,9950--",nearest_attack_euclidean,R000924,4.470257890062729
GAN_000055,attack,union,"1'  )   where 1577  =  1577 union all select null,null,null,null,null,null#",nearest_attack_euclidean,R000307,3.4168612471868367
GAN_000056,attack,union,"1'  )   where 5799  =  5799 union all select null,null,null,null,null--",nearest_attack_euclidean,R001509,3.529818580789893
GAN_000057,attack,union,"1'  )   as saqp where 6612  =  6612 union all select null,null,null,null,null,null,null--",nearest_attack_euclidean,R000618,4.421129432503506
GAN_000058,attack,union,"-3781%'  )   union all select 7497,7497,7497,7497,7497--",nearest_attack_euclidean,R001269,6.143721812368151
GAN_000059,attack,union,"1'  )   where 9842  =  9842 union all select null,null,null,null,null,null,null,null#",nearest_attack_euclidean,R000207,4.631094698520468
GAN_000060,attack,union,"1%'  )   union all select null,null,null,null,null,null--",nearest_attack_euclidean,R001248,5.474206021972606
GAN_000061,attack,union,"1'||  (  select 'pygt' from dual where 5543  =  5543 union all select null,null,null,null,null,null#",nearest_attack_euclidean,R000852,8.136904819072614
GAN_000062,attack,union,"1'  )   where 5071  =  5071 union all select null,null,null,null,null,null,null--",nearest_attack_euclidean,R001481,5.425656478406916
GAN_000063,attack,union,"1'  )   where 9006  =  9006 union all select null,null,null,null,null,null--",nearest_attack_euclidean,R000748,3.5396607876165516
GAN_000064,attack,union,"-5520%"" union all select 5235,5235,5235,5235,5235,5235,5235,5235,5235,5235--",nearest_attack_euclidean,R000293,11.654317527183697
GAN_000065,attack,union,"1'  )   where 9006  =  9006 union all select null,null,null,null,null,null--",nearest_attack_euclidean,R000748,3.4690759661955073
GAN_000066,attack,union,"1'  )   as vpop where 2528  =  2528 union all select null,null,null,null,null,null,null#",nearest_attack_euclidean,R000331,5.14981884268471
GAN_000067,attack,union,"1'  )   as vpop where 2528  =  2528 union all select null,null,null,null,null,null,null#",nearest_attack_euclidean,R000331,4.965985714841827
GAN_000068,attack,union,"1'  )   as saqp where 6612  =  6612 union all select null,null,null,null,null,null,null--",nearest_attack_euclidean,R000618,3.7623480952960744
GAN_000069,attack,union,"1'  )   as vpop where 2528  =  2528 union all select null,null,null,null,null,null,null#",nearest_attack_euclidean,R000331,4.570849277634787
GAN_000070,attack,union,"1'  )   as vpop where 2528  =  2528 union all select null,null,null,null,null,null,null#",nearest_attack_euclidean,R000331,4.622082666492383
GAN_000071,attack,union,"1'  )   as vpop where 2528  =  2528 union all select null,null,null,null,null,null,null#",nearest_attack_euclidean,R000331,5.758837154477471
GAN_000072,attack,union,"1'  )   where 5925  =  5925 union all select null,null,null,null,null,null,null#",nearest_attack_euclidean,R001205,3.716093376546165
GAN_000073,attack,union,"-9808' in boolean mode  )   union all select 2528,2528,2528,2528,2528,2528,2528--",nearest_attack_euclidean,R001310,4.494608448111559
GAN_000074,attack,union,"1'||  (  select 'ybfo' from dual where 3319  =  3319 union all select null,null,null,null,null,null,null,null#",nearest_attack_euclidean,R000889,6.822062565039006
GAN_000075,attack,union,"1'  )   where 9006  =  9006 union all select null,null,null,null,null,null--",nearest_attack_euclidean,R000748,4.256006653640718
GAN_000076,attack,union,"1'  )   where 5071  =  5071 union all select null,null,null,null,null,null,null--",nearest_attack_euclidean,R001481,3.9077973921632823
GAN_000077,attack,union,"-2316%' union all select 8636,8636,8636,8636,8636,8636,8636--",nearest_attack_euclidean,R001238,5.292614364397995
GAN_000078,attack,union,"1'  )   where 5071  =  5071 union all select null,null,null,null,null,null,null--",nearest_attack_euclidean,R001481,4.208325350372614
GAN_000079,attack,union,"1'  )   where 9006  =  9006 union all select null,null,null,null,null,null--",nearest_attack_euclidean,R000748,3.5541433066134402
GAN_000080,attack,union,"1'  )   where 9006  =  9006 union all select null,null,null,null,null,null--",nearest_attack_euclidean,R000748,3.727185492668363
GAN_000081,attack,union,"1'  )   where 9006  =  9006 union all select null,null,null,null,null,null--",nearest_attack_euclidean,R000748,4.249423581937966
GAN_000082,attack,union,"1'||  (  select 'pygt' from dual where 5543  =  5543 union all select null,null,null,null,null,null#",nearest_attack_euclidean,R000852,6.753074076178347
GAN_000083,attack,union,"-6580'  )   union all select 9950,9950,9950,9950,9950,9950--",nearest_attack_euclidean,R000924,4.5532290081172295
GAN_000084,attack,union,"1'  )   as vpop where 2528  =  2528 union all select null,null,null,null,null,null,null#",nearest_attack_euclidean,R000331,4.423531601207235
GAN_000085,attack,union,"1'  )   as vpop where 2528  =  2528 union all select null,null,null,null,null,null,null#",nearest_attack_euclidean,R000331,4.283255615632948
GAN_000086,attack,union,"-6580'  )   union all select 9950,9950,9950,9950,9950,9950--",nearest_attack_euclidean,R000924,4.267514476610361
GAN_000087,attack,union,"-4711' in boolean mode  )   union all select 8007,8007,8007,8007,8007,8007--",nearest_attack_euclidean,R000658,4.330672192216121
GAN_000088,attack,union,"-8215%""  )   union all select 3877,3877,3877,3877,3877,3877--",nearest_attack_euclidean,R000744,5.673806358899001
GAN_000089,attack,union,"-6580'  )   union all select 9950,9950,9950,9950,9950,9950--",nearest_attack_euclidean,R000924,3.352426072808881
GAN_000090,attack,union,"1'  )   as saqp where 6612  =  6612 union all select null,null,null,null,null,null,null--",nearest_attack_euclidean,R000618,4.890279828160708
GAN_000091,attack,union,"1'  )   as vpop where 2528  =  2528 union all select null,null,null,null,null,null,null#",nearest_attack_euclidean,R000331,5.074458138731207
GAN_000092,attack,union,"-6580'  )   union all select 9950,9950,9950,9950,9950,9950--",nearest_attack_euclidean,R000924,3.5285824308145775
GAN_000093,attack,union,"-2382%'  )   union all select 8885,8885,8885,8885,8885,8885,8885#",nearest_attack_euclidean,R001263,5.207785914419605
GAN_000094,attack,union,"-7858'  )   union all select 1541,1541,1541,1541,1541,1541#",nearest_attack_euclidean,R000319,3.9736288741903434
GAN_000095,attack,union,"-3442' in boolean mode  )   union all select 6255,6255,6255,6255,6255#",nearest_attack_euclidean,R000890,4.579813610744312
GAN_000096,attack,union,"-4711' in boolean mode  )   union all select 8007,8007,8007,8007,8007,8007--",nearest_attack_euclidean,R000658,4.587151747221065
GAN_000097,attack,union,"1'  )   as vpop where 2528  =  2528 union all select null,null,null,null,null,null,null#",nearest_attack_euclidean,R000331,4.823610797324653
GAN_000098,attack,union,"-2382%'  )   union all select 8885,8885,8885,8885,8885,8885,8885#",nearest_attack_euclidean,R001263,4.517389282558183
GAN_000099,attack,union,"1'  )   where 5071  =  5071 union all select null,null,null,null,null,null,null--",nearest_attack_euclidean,R001481,3.7287455607821096
GAN_000100,attack,union,"1'  )   where 5071  =  5071 union all select null,null,null,null,null,null,null--",nearest_attack_euclidean,R001481,4.324685506849612
GAN_000101,attack,union,"-4465%' union all select 6196,6196,6196,6196,6196,6196,6196,6196--",nearest_attack_euclidean,R000690,7.474456584198859
GAN_000102,attack,union,"-6593""  )   union all select 6216,6216,6216,6216,6216,6216,6216#",nearest_attack_euclidean,R000473,4.534116412265537
GAN_000103,attack,union,"1'  )   as vpop where 2528  =  2528 union all select null,null,null,null,null,null,null#",nearest_attack_euclidean,R000331,4.066742347987354
GAN_000104,attack,union,"-9808' in boolean mode  )   union all select 2528,2528,2528,2528,2528,2528,2528--",nearest_attack_euclidean,R001310,5.579465140323697
GAN_000105,attack,union,"-4711' in boolean mode  )   union all select 8007,8007,8007,8007,8007,8007--",nearest_attack_euclidean,R000658,4.345522718211359
GAN_000106,attack,union,"1'  )   as saqp where 6612  =  6612 union all select null,null,null,null,null,null,null--",nearest_attack_euclidean,R000618,4.30530439404992
GAN_000107,attack,union,"-2247'  )   union all select 1202,1202,1202,1202,1202#",nearest_attack_euclidean,R000953,4.1093551542724684
GAN_000108,attack,union,"-4465%' union all select 6196,6196,6196,6196,6196,6196,6196,6196--",nearest_attack_euclidean,R000690,8.473334571692863
GAN_000109,attack,union,"-2316%' union all select 8636,8636,8636,8636,8636,8636,8636--",nearest_attack_euclidean,R001238,6.305243564846297
GAN_000110,attack,union,"1'  )   where 5925  =  5925 union all select null,null,null,null,null,null,null#",nearest_attack_euclidean,R001205,3.773748822095603
GAN_000111,attack,union,"-7858'  )   union all select 1541,1541,1541,1541,1541,1541#",nearest_attack_euclidean,R000319,4.116115389730866
GAN_000112,attack,union,"-4711' in boolean mode  )   union all select 8007,8007,8007,8007,8007,8007--",nearest_attack_euclidean,R000658,4.005511477318894
GAN_000113,attack,union,"-2316%' union all select 8636,8636,8636,8636,8636,8636,8636--",nearest_attack_euclidean,R001238,4.576623212004373
GAN_000114,attack,union,"1'||  (  select 'pygt' from dual where 5543  =  5543 union all select null,null,null,null,null,null#",nearest_attack_euclidean,R000852,7.379537559517913
GAN_000115,attack,union,"1'  )   where 9842  =  9842 union all select null,null,null,null,null,null,null,null#",nearest_attack_euclidean,R000207,4.495939383185132
GAN_000116,attack,union,"-3442' in boolean mode  )   union all select 6255,6255,6255,6255,6255#",nearest_attack_euclidean,R000890,5.317316253407945
GAN_000117,attack,union,"1'  )   as vpop where 2528  =  2528 union all select null,null,null,null,null,null,null#",nearest_attack_euclidean,R000331,5.047298863761512
GAN_000118,attack,union,"1'  )   as ybuv where 9641  =  9641 union all select null,null,null,null,null,null,null,null--",nearest_attack_euclidean,R000583,4.889100979504982
GAN_000119,attack,union,"1'  )   as vpop where 2528  =  2528 union all select null,null,null,null,null,null,null#",nearest_attack_euclidean,R000331,5.596828575612324
GAN_000120,attack,union,"-9808' in boolean mode  )   union all select 2528,2528,2528,2528,2528,2528,2528--",nearest_attack_euclidean,R001310,5.146855568396551
GAN_000121,attack,union,"1'  )   as vpop where 2528  =  2528 union all select null,null,null,null,null,null,null#",nearest_attack_euclidean,R000331,4.519011073103928
GAN_000122,attack,union,"1'  )   as ghks where 5128  =  5128 union all select null,null,null,null,null,null,null,null,null,null#",nearest_attack_euclidean,R000493,6.090709923457811
GAN_000123,attack,union,"-9808' in boolean mode  )   union all select 2528,2528,2528,2528,2528,2528,2528--",nearest_attack_euclidean,R001310,4.757659066786926
GAN_000124,attack,union,"1'  )   as siyk where 1514  =  1514 union all select null,null,null,null,null,null#",nearest_attack_euclidean,R000373,3.7472077724891215
GAN_000125,attack,union,"-2247'  )   union all select 1202,1202,1202,1202,1202#",nearest_attack_euclidean,R000953,5.176760977547062
GAN_000126,attack,union,"1'||  (  select 'pygt' from dual where 5543  =  5543 union all select null,null,null,null,null,null#",nearest_attack_euclidean,R000852,6.179589488121414
GAN_000127,attack,union,"-9808' in boolean mode  )   union all select 2528,2528,2528,2528,2528,2528,2528--",nearest_attack_euclidean,R001310,4.340242782787692
GAN_000128,attack,union,"-9808' in boolean mode  )   union all select 2528,2528,2528,2528,2528,2528,2528--",nearest_attack_euclidean,R001310,4.405954545950666
GAN_000129,attack,union,"1'  )   where 5925  =  5925 union all select null,null,null,null,null,null,null#",nearest_attack_euclidean,R001205,3.7936794133525082
GAN_000130,attack,union,"1'  )   where 5925  =  5925 union all select null,null,null,null,null,null,null#",nearest_attack_euclidean,R001205,4.289141116923761
GAN_000131,attack,union,"1'+  (  select cjcp where 2590  =  2590 union all select null,null,null,null,null,null,null#",nearest_attack_euclidean,R000489,5.408379003896321
GAN_000132,attack,union,"-1891' in boolean mode  )   union all select 6680,6680,6680,6680,6680,6680,6680,6680#",nearest_attack_euclidean,R000269,5.25113190066656
GAN_000133,attack,union,"1'  )   as saqp where 6612  =  6612 union all select null,null,null,null,null,null,null--",nearest_attack_euclidean,R000618,4.401680459803895
GAN_000134,attack,union,"-8215%""  )   union all select 3877,3877,3877,3877,3877,3877--",nearest_attack_euclidean,R000744,6.251566510579639
GAN_000135,attack,union,"-3781%'  )   union all select 7497,7497,7497,7497,7497--",nearest_attack_euclidean,R001269,3.905050949908388
GAN_000136,attack,union,"1'  )   where 5925  =  5925 union all select null,null,null,null,null,null,null#",nearest_attack_euclidean,R001205,3.90156864183036
GAN_000137,attack,union,"-4711' in boolean mode  )   union all select 8007,8007,8007,8007,8007,8007--",nearest_attack_euclidean,R000658,3.6926422016056573
GAN_000138,attack,union,"1'  )   where 5071  =  5071 union all select null,null,null,null,null,null,null--",nearest_attack_euclidean,R001481,4.3053316693457395
GAN_000139,attack,union,"1'  )   where 9842  =  9842 union all select null,null,null,null,null,null,null,null#",nearest_attack_euclidean,R000207,5.735080591606506
GAN_000140,attack,union,"1'  )   where 1577  =  1577 union all select null,null,null,null,null,null#",nearest_attack_euclidean,R000307,3.3424951306137873
GAN_000141,attack,union,"-2382%'  )   union all select 8885,8885,8885,8885,8885,8885,8885#",nearest_attack_euclidean,R001263,5.631592475724898
GAN_000142,attack,union,"-2316%' union all select 8636,8636,8636,8636,8636,8636,8636--",nearest_attack_euclidean,R001238,5.624325850407041
GAN_000143,attack,union,"1'  )   where 9006  =  9006 union all select null,null,null,null,null,null--",nearest_attack_euclidean,R000748,3.6889068211409497
GAN_000144,attack,union,"1'  )   where 6988  =  6988 union all select null,null,null,null,null,null,null,null--",nearest_attack_euclidean,R001162,4.905163164178185
GAN_000145,attack,union,"1'  )   where 1577  =  1577 union all select null,null,null,null,null,null#",nearest_attack_euclidean,R000307,4.377601304313801
GAN_000146,attack,union,"1'  )   where 9006  =  9006 union all select null,null,null,null,null,null--",nearest_attack_euclidean,R000748,3.2154741609977258
GAN_000147,attack,union,"1'||  (  select 'ybfo' from dual where 3319  =  3319 union all select null,null,null,null,null,null,null,null#",nearest_attack_euclidean,R000889,7.0699991774508915
GAN_000148,attack,union,"-6580'  )   union all select 9950,9950,9950,9950,9950,9950--",nearest_attack_euclidean,R000924,4.060879521566725
GAN_000149,attack,union,"-2382%'  )   union all select 8885,8885,8885,8885,8885,8885,8885#",nearest_attack_euclidean,R001263,4.519171406480315
GAN_000150,attack,union,"1'  )   as vpop where 2528  =  2528 union all select null,null,null,null,null,null,null#",nearest_attack_euclidean,R000331,4.055144765352015
GAN_000151,attack,union,"1'||  (  select 'pygt' from dual where 5543  =  5543 union all select null,null,null,null,null,null#",nearest_attack_euclidean,R000852,6.539507308773819
GAN_000152,attack,union,"1'  )   where 5071  =  5071 union all select null,null,null,null,null,null,null--",nearest_attack_euclidean,R001481,4.582934346446461
GAN_000153,attack,union,"-8215%""  )   union all select 3877,3877,3877,3877,3877,3877--",nearest_attack_euclidean,R000744,6.053000891327857
GAN_000154,attack,union,"1'  )   as siyk where 1514  =  1514 union all select null,null,null,null,null,null#",nearest_attack_euclidean,R000373,3.705403827980568
GAN_000155,attack,union,"1'  )   where 5071  =  5071 union all select null,null,null,null,null,null,null--",nearest_attack_euclidean,R001481,3.5180686178391345
GAN_000156,attack,union,"-4452%"" union all select 7141,7141,7141,7141,7141,7141,7141,7141--",nearest_attack_euclidean,R001308,6.95623718511142
GAN_000157,attack,union,"1'  )   where 9006  =  9006 union all select null,null,null,null,null,null--",nearest_attack_euclidean,R000748,4.273059111736281
GAN_000158,attack,union,"-1187'  )   union all select 8202,8202,8202,8202,8202,8202,8202#",nearest_attack_euclidean,R000817,4.075421594184802
GAN_000159,attack,union,"1'  )   where 5799  =  5799 union all select null,null,null,null,null--",nearest_attack_euclidean,R001509,3.4662806917022673
GAN_000160,attack,union,"1'  )   as pfwt where 8448  =  8448 union all select null,null,null,null,null,null,null,null,null#",nearest_attack_euclidean,R000599,5.276084191444179
GAN_000161,attack,union,"1'+  (  select cjcp where 2590  =  2590 union all select null,null,null,null,null,null,null#",nearest_attack_euclidean,R000489,5.590675858977487
GAN_000162,attack,union,"1'||  (  select 'pygt' from dual where 5543  =  5543 union all select null,null,null,null,null,null#",nearest_attack_euclidean,R000852,6.560263939080027
GAN_000163,attack,union,"-2316%' union all select 8636,8636,8636,8636,8636,8636,8636--",nearest_attack_euclidean,R001238,8.170956246087632
GAN_000164,attack,union,"-9808' in boolean mode  )   union all select 2528,2528,2528,2528,2528,2528,2528--",nearest_attack_euclidean,R001310,3.9290724752718615
GAN_000165,attack,union,"1'  )   as saqp where 6612  =  6612 union all select null,null,null,null,null,null,null--",nearest_attack_euclidean,R000618,4.375665396838754
GAN_000166,attack,union,"-1891' in boolean mode  )   union all select 6680,6680,6680,6680,6680,6680,6680,6680#",nearest_attack_euclidean,R000269,4.659418846302254
GAN_000167,attack,union,"1'  )   as vpop where 2528  =  2528 union all select null,null,null,null,null,null,null#",nearest_attack_euclidean,R000331,5.20703083291383
GAN_000168,attack,union,"-2382%'  )   union all select 8885,8885,8885,8885,8885,8885,8885#",nearest_attack_euclidean,R001263,4.521787961767107
GAN_000169,attack,union,"1'||  (  select 'pygt' from dual where 5543  =  5543 union all select null,null,null,null,null,null#",nearest_attack_euclidean,R000852,6.561065387773363
GAN_000170,attack,union,"1'||  (  select 'pygt' from dual where 5543  =  5543 union all select null,null,null,null,null,null#",nearest_attack_euclidean,R000852,7.432069692576247
GAN_000171,attack,union,"1'||  (  select 'pygt' from dual where 5543  =  5543 union all select null,null,null,null,null,null#",nearest_attack_euclidean,R000852,6.1875951953134685
GAN_000172,attack,union,"1'  )   as vpop where 2528  =  2528 union all select null,null,null,null,null,null,null#",nearest_attack_euclidean,R000331,4.811462913526897
GAN_000173,attack,union,"1'  )   where 5925  =  5925 union all select null,null,null,null,null,null,null#",nearest_attack_euclidean,R001205,4.951967154545806
GAN_000174,attack,union,"1'  )   as saqp where 6612  =  6612 union all select null,null,null,null,null,null,null--",nearest_attack_euclidean,R000618,4.633921499196778
GAN_000175,attack,union,"-3442' in boolean mode  )   union all select 6255,6255,6255,6255,6255#",nearest_attack_euclidean,R000890,3.7191434945046544
GAN_000176,attack,union,"1'  )   where 9006  =  9006 union all select null,null,null,null,null,null--",nearest_attack_euclidean,R000748,3.7076837865603602
GAN_000177,attack,union,"1'  )   where 9006  =  9006 union all select null,null,null,null,null,null--",nearest_attack_euclidean,R000748,3.1559767769999745
GAN_000178,attack,union,"1'  )   as vpop where 2528  =  2528 union all select null,null,null,null,null,null,null#",nearest_attack_euclidean,R000331,4.373992968626428
GAN_000179,attack,union,"1'  )   where 9006  =  9006 union all select null,null,null,null,null,null--",nearest_attack_euclidean,R000748,4.1935259973862795
GAN_000180,attack,union,"1%'  )   union all select null,null,null,null,null,null--",nearest_attack_euclidean,R001248,5.760741896274731
GAN_000181,attack,union,"1'  )   where 5925  =  5925 union all select null,null,null,null,null,null,null#",nearest_attack_euclidean,R001205,4.193385012701439
GAN_000182,attack,union,"1'  )   as vpop where 2528  =  2528 union all select null,null,null,null,null,null,null#",nearest_attack_euclidean,R000331,5.010965153851476
GAN_000183,attack,union,"-4452%"" union all select 7141,7141,7141,7141,7141,7141,7141,7141--",nearest_attack_euclidean,R001308,7.637349613170399
GAN_000184,attack,union,"-3781%'  )   union all select 7497,7497,7497,7497,7497--",nearest_attack_euclidean,R001269,4.765000905576615
GAN_000185,attack,union,"1'||  (  select 'pygt' from dual where 5543  =  5543 union all select null,null,null,null,null,null#",nearest_attack_euclidean,R000852,7.8526642290897035
GAN_000186,attack,union,"-9808' in boolean mode  )   union all select 2528,2528,2528,2528,2528,2528,2528--",nearest_attack_euclidean,R001310,4.331840003579322
GAN_000187,attack,union,"1'||  (  select 'pygt' from dual where 5543  =  5543 union all select null,null,null,null,null,null#",nearest_attack_euclidean,R000852,5.794484166400741
GAN_000188,attack,union,"-4452%"" union all select 7141,7141,7141,7141,7141,7141,7141,7141--",nearest_attack_euclidean,R001308,8.708724471523302
GAN_000189,attack,union,"1'  )   as vpop where 2528  =  2528 union all select null,null,null,null,null,null,null#",nearest_attack_euclidean,R000331,3.9298321396816833
GAN_000190,attack,union,"-1164""  )   union all select 6617,6617,6617,6617,6617,6617--",nearest_attack_euclidean,R000585,4.509709516598252
GAN_000191,attack,union,"1'  )   where 5071  =  5071 union all select null,null,null,null,null,null,null--",nearest_attack_euclidean,R001481,5.537125259625154
GAN_000192,attack,union,"1%'  )   union all select null,null,null,null,null,null--",nearest_attack_euclidean,R001248,4.951570412992667
GAN_000193,attack,union,"1'  )   as saqp where 6612  =  6612 union all select null,null,null,null,null,null,null--",nearest_attack_euclidean,R000618,3.9299471335906473
GAN_000194,attack,union,"-9808' in boolean mode  )   union all select 2528,2528,2528,2528,2528,2528,2528--",nearest_attack_euclidean,R001310,4.315502651594576
GAN_000195,attack,union,"-4711' in boolean mode  )   union all select 8007,8007,8007,8007,8007,8007--",nearest_attack_euclidean,R000658,3.4752162382984175
GAN_000196,attack,union,"-6580'  )   union all select 9950,9950,9950,9950,9950,9950--",nearest_attack_euclidean,R000924,4.684235099685488
GAN_000197,attack,union,"-9808' in boolean mode  )   union all select 2528,2528,2528,2528,2528,2528,2528--",nearest_attack_euclidean,R001310,5.841836147037748
GAN_000198,attack,union,"1'  )   where 5071  =  5071 union all select null,null,null,null,null,null,null--",nearest_attack_euclidean,R001481,5.102293372775938
GAN_000199,attack,union,"1'  )   where 9842  =  9842 union all select null,null,null,null,null,null,null,null#",nearest_attack_euclidean,R000207,4.177690001006191
GAN_000200,attack,union,"-7858'  )   union all select 1541,1541,1541,1541,1541,1541#",nearest_attack_euclidean,R000319,4.385396291726364
GAN_000201,attack,union,"1'  )   where 6081  =  6081 union all select null,null,null,null,null,null,null,null,null--",nearest_attack_euclidean,R001407,5.555097231912796
GAN_000202,attack,union,"1'  )   where 5071  =  5071 union all select null,null,null,null,null,null,null--",nearest_attack_euclidean,R001481,4.3807110491700625
GAN_000203,attack,union,"1'  )   where 6988  =  6988 union all select null,null,null,null,null,null,null,null--",nearest_attack_euclidean,R001162,4.643217696005812
GAN_000204,attack,union,"1'  )   where 9006  =  9006 union all select null,null,null,null,null,null--",nearest_attack_euclidean,R000748,3.3781833151287994
GAN_000205,attack,union,"-2382%'  )   union all select 8885,8885,8885,8885,8885,8885,8885#",nearest_attack_euclidean,R001263,5.872072516267901
GAN_000206,attack,union,"1'  )   where 9006  =  9006 union all select null,null,null,null,null,null--",nearest_attack_euclidean,R000748,3.8435506425320436
GAN_000207,attack,union,"1'  )   where 1577  =  1577 union all select null,null,null,null,null,null#",nearest_attack_euclidean,R000307,4.7225654093842815
GAN_000208,attack,union,"-4452%"" union all select 7141,7141,7141,7141,7141,7141,7141,7141--",nearest_attack_euclidean,R001308,9.5744630767434
GAN_000209,attack,union,"1%'  )   union all select null,null,null,null,null,null--",nearest_attack_euclidean,R001248,5.699935405146273
GAN_000210,attack,union,"1'  )   where 9842  =  9842 union all select null,null,null,null,null,null,null,null#",nearest_attack_euclidean,R000207,5.042020498103761
GAN_000211,attack,union,"-7069  )   union all select 6638,6638,6638,6638,6638,6638--",nearest_attack_euclidean,R000745,3.901774923467148
GAN_000212,attack,union,"1'  )   as vpop where 2528  =  2528 union all select null,null,null,null,null,null,null#",nearest_attack_euclidean,R000331,5.462421226008979
GAN_000213,attack,union,"1'  )   as vpop where 2528  =  2528 union all select null,null,null,null,null,null,null#",nearest_attack_euclidean,R000331,4.887960800204437
GAN_000214,attack,union,"1%'  )   union all select null,null,null,null,null--",nearest_attack_euclidean,R001522,4.420409385481053
GAN_000215,attack,union,"-6580'  )   union all select 9950,9950,9950,9950,9950,9950--",nearest_attack_euclidean,R000924,4.646748447449534
GAN_000216,attack,union,"1'  )   where 9006  =  9006 union all select null,null,null,null,null,null--",nearest_attack_euclidean,R000748,4.964557639872658
GAN_000217,attack,union,"-2316%' union all select 8636,8636,8636,8636,8636,8636,8636--",nearest_attack_euclidean,R001238,5.603606947060739
GAN_000218,attack,union,"-2316%' union all select 8636,8636,8636,8636,8636,8636,8636--",nearest_attack_euclidean,R001238,7.321522232590577
GAN_000219,attack,union,"1'  )   as vpop where 2528  =  2528 union all select null,null,null,null,null,null,null#",nearest_attack_euclidean,R000331,4.089942362295997
GAN_000220,attack,union,"1'  )   as vpop where 2528  =  2528 union all select null,null,null,null,null,null,null#",nearest_attack_euclidean,R000331,4.270655080130353
GAN_000221,attack,union,"1'  )   where 9006  =  9006 union all select null,null,null,null,null,null--",nearest_attack_euclidean,R000748,3.6137383550874547
GAN_000222,attack,union,"-2316%' union all select 8636,8636,8636,8636,8636,8636,8636--",nearest_attack_euclidean,R001238,5.021689566961641
GAN_000223,attack,union,"1'  )   where 9006  =  9006 union all select null,null,null,null,null,null--",nearest_attack_euclidean,R000748,3.0611115776099433
GAN_000224,attack,union,"-2382%'  )   union all select 8885,8885,8885,8885,8885,8885,8885#",nearest_attack_euclidean,R001263,3.9380801366848446
GAN_000225,attack,union,"1'  )   where 9006  =  9006 union all select null,null,null,null,null,null--",nearest_attack_euclidean,R000748,4.002670426047439
GAN_000226,attack,union,"-2382%'  )   union all select 8885,8885,8885,8885,8885,8885,8885#",nearest_attack_euclidean,R001263,5.937971353876797
GAN_000227,attack,union,"-4711' in boolean mode  )   union all select 8007,8007,8007,8007,8007,8007--",nearest_attack_euclidean,R000658,3.499413965470505
GAN_000228,attack,union,"1'||  (  select 'pygt' from dual where 5543  =  5543 union all select null,null,null,null,null,null#",nearest_attack_euclidean,R000852,6.815741148004371
GAN_000229,attack,union,"-2316%' union all select 8636,8636,8636,8636,8636,8636,8636--",nearest_attack_euclidean,R001238,5.476483173063158
GAN_000230,attack,union,"1'  )   where 9006  =  9006 union all select null,null,null,null,null,null--",nearest_attack_euclidean,R000748,4.0213590773680945
GAN_000231,attack,union,"-4711' in boolean mode  )   union all select 8007,8007,8007,8007,8007,8007--",nearest_attack_euclidean,R000658,3.2714978524790297
GAN_000232,attack,union,"-1187'  )   union all select 8202,8202,8202,8202,8202,8202,8202#",nearest_attack_euclidean,R000817,4.304321404252393
GAN_000233,attack,union,"1'  )   as vpop where 2528  =  2528 union all select null,null,null,null,null,null,null#",nearest_attack_euclidean,R000331,4.6747896721070274
GAN_000234,attack,union,"-2382%'  )   union all select 8885,8885,8885,8885,8885,8885,8885#",nearest_attack_euclidean,R001263,5.563157246827179
GAN_000235,attack,union,"-2316%' union all select 8636,8636,8636,8636,8636,8636,8636--",nearest_attack_euclidean,R001238,6.352114120464145
GAN_000236,attack,union,"-4452%"" union all select 7141,7141,7141,7141,7141,7141,7141,7141--",nearest_attack_euclidean,R001308,7.757212961062901
GAN_000237,attack,union,"1'  )   as vpop where 2528  =  2528 union all select null,null,null,null,null,null,null#",nearest_attack_euclidean,R000331,5.793059525578512
GAN_000238,attack,union,"1'  )   as vpop where 2528  =  2528 union all select null,null,null,null,null,null,null#",nearest_attack_euclidean,R000331,5.625423023690715
GAN_000239,attack,union,"-1164""  )   union all select 6617,6617,6617,6617,6617,6617--",nearest_attack_euclidean,R000585,5.109127860021341
GAN_000240,attack,union,"1'  )   where 5925  =  5925 union all select null,null,null,null,null,null,null#",nearest_attack_euclidean,R001205,4.244626359137903
GAN_000241,attack,union,"-6580'  )   union all select 9950,9950,9950,9950,9950,9950--",nearest_attack_euclidean,R000924,3.989477188593892
GAN_000242,attack,union,"-7858'  )   union all select 1541,1541,1541,1541,1541,1541#",nearest_attack_euclidean,R000319,4.096448077041101
GAN_000243,attack,union,"1'  )   where 9842  =  9842 union all select null,null,null,null,null,null,null,null#",nearest_attack_euclidean,R000207,3.8126011502522137
GAN_000244,attack,union,"1'+  (  select cjcp where 2590  =  2590 union all select null,null,null,null,null,null,null#",nearest_attack_euclidean,R000489,6.1059175212232075
GAN_000245,attack,union,"1'  )   where 5925  =  5925 union all select null,null,null,null,null,null,null#",nearest_attack_euclidean,R001205,4.02972889894446
GAN_000246,attack,union,"1'  )   as vpop where 2528  =  2528 union all select null,null,null,null,null,null,null#",nearest_attack_euclidean,R000331,5.713898541317914
GAN_000247,attack,union,"-9808' in boolean mode  )   union all select 2528,2528,2528,2528,2528,2528,2528--",nearest_attack_euclidean,R001310,4.119180711233227
GAN_000248,attack,union,"1'  )   as vpop where 2528  =  2528 union all select null,null,null,null,null,null,null#",nearest_attack_euclidean,R000331,5.181032526186032
GAN_000249,attack,union,"1'  )   where 9006  =  9006 union all select null,null,null,null,null,null--",nearest_attack_euclidean,R000748,3.2649316210210455
GAN_000250,attack,union,"1'  )   where 5071  =  5071 union all select null,null,null,null,null,null,null--",nearest_attack_euclidean,R001481,4.252751130695015
GAN_000251,attack,union,"1'  )   as vpop where 2528  =  2528 union all select null,null,null,null,null,null,null#",nearest_attack_euclidean,R000331,5.0664601495017525
GAN_000252,attack,union,"1'  )   as vpop where 2528  =  2528 union all select null,null,null,null,null,null,null#",nearest_attack_euclidean,R000331,4.014653054668323
GAN_000253,attack,union,"-4711' in boolean mode  )   union all select 8007,8007,8007,8007,8007,8007--",nearest_attack_euclidean,R000658,3.4697452659316914
GAN_000254,attack,union,"1'  )   where 9006  =  9006 union all select null,null,null,null,null,null--",nearest_attack_euclidean,R000748,4.951596258461953
GAN_000255,attack,union,"-2316%' union all select 8636,8636,8636,8636,8636,8636,8636--",nearest_attack_euclidean,R001238,6.561184023572725
GAN_000256,attack,union,"1'||  (  select 'pygt' from dual where 5543  =  5543 union all select null,null,null,null,null,null#",nearest_attack_euclidean,R000852,5.825094242205884
GAN_000257,attack,union,"1'  )   where 5071  =  5071 union all select null,null,null,null,null,null,null--",nearest_attack_euclidean,R001481,5.837099157562341
GAN_000258,attack,union,"1'  )   where 5925  =  5925 union all select null,null,null,null,null,null,null#",nearest_attack_euclidean,R001205,3.7462464571649674
GAN_000259,attack,union,"1'  )   as vpop where 2528  =  2528 union all select null,null,null,null,null,null,null#",nearest_attack_euclidean,R000331,5.317272953542589
GAN_000260,attack,union,"1'  )   where 5071  =  5071 union all select null,null,null,null,null,null,null--",nearest_attack_euclidean,R001481,3.922815122836684
GAN_000261,attack,union,"-4465%' union all select 6196,6196,6196,6196,6196,6196,6196,6196--",nearest_attack_euclidean,R000690,10.264591025870638
GAN_000262,attack,union,"1'  )   where 5071  =  5071 union all select null,null,null,null,null,null,null--",nearest_attack_euclidean,R001481,4.20929060304436
GAN_000263,attack,union,"-2382%'  )   union all select 8885,8885,8885,8885,8885,8885,8885#",nearest_attack_euclidean,R001263,4.900923305310742
GAN_000264,attack,union,"1'  )   where 5925  =  5925 union all select null,null,null,null,null,null,null#",nearest_attack_euclidean,R001205,4.047121539155293
GAN_000265,attack,union,"-9808' in boolean mode  )   union all select 2528,2528,2528,2528,2528,2528,2528--",nearest_attack_euclidean,R001310,3.3007009417478717
GAN_000266,attack,union,"-4711' in boolean mode  )   union all select 8007,8007,8007,8007,8007,8007--",nearest_attack_euclidean,R000658,3.7752536878589367
GAN_000267,attack,union,"-6580'  )   union all select 9950,9950,9950,9950,9950,9950--",nearest_attack_euclidean,R000924,4.158796859873572
GAN_000268,attack,union,"-9808' in boolean mode  )   union all select 2528,2528,2528,2528,2528,2528,2528--",nearest_attack_euclidean,R001310,4.013121610266536
GAN_000269,attack,union,"-7858'  )   union all select 1541,1541,1541,1541,1541,1541#",nearest_attack_euclidean,R000319,4.377591655507865
GAN_000270,attack,union,"-2382%'  )   union all select 8885,8885,8885,8885,8885,8885,8885#",nearest_attack_euclidean,R001263,4.9012993045255095
GAN_000271,attack,union,"1'||  (  select 'pygt' from dual where 5543  =  5543 union all select null,null,null,null,null,null#",nearest_attack_euclidean,R000852,6.303179391572784
GAN_000272,attack,union,"1'||  (  select 'pygt' from dual where 5543  =  5543 union all select null,null,null,null,null,null#",nearest_attack_euclidean,R000852,5.937726830953329
GAN_000273,attack,union,"1'  )   where 9006  =  9006 union all select null,null,null,null,null,null--",nearest_attack_euclidean,R000748,3.4381103753098015
GAN_000274,attack,union,"1'||  (  select 'ybfo' from dual where 3319  =  3319 union all select null,null,null,null,null,null,null,null#",nearest_attack_euclidean,R000889,7.982811983223562
GAN_000275,attack,union,"-2382%'  )   union all select 8885,8885,8885,8885,8885,8885,8885#",nearest_attack_euclidean,R001263,5.414509958712673
GAN_000276,attack,union,"1'  )   where 9006  =  9006 union all select null,null,null,null,null,null--",nearest_attack_euclidean,R000748,3.44729713037385
GAN_000277,attack,union,"1'  )   where 6988  =  6988 union all select null,null,null,null,null,null,null,null--",nearest_attack_euclidean,R001162,5.182255571644578
GAN_000278,attack,union,"-1891' in boolean mode  )   union all select 6680,6680,6680,6680,6680,6680,6680,6680#",nearest_attack_euclidean,R000269,4.510174062016823
GAN_000279,attack,union,"1""  )   union all select null,null,null,null,null,null,null--",nearest_attack_euclidean,R001381,5.782059688906417
GAN_000280,attack,union,"1'  )   where 5071  =  5071 union all select null,null,null,null,null,null,null--",nearest_attack_euclidean,R001481,3.555145057170057
GAN_000281,attack,union,"-8215%""  )   union all select 3877,3877,3877,3877,3877,3877--",nearest_attack_euclidean,R000744,4.922207239879737
GAN_000282,attack,union,"1'  )   where 9006  =  9006 union all select null,null,null,null,null,null--",nearest_attack_euclidean,R000748,4.047113823164797
GAN_000283,attack,union,"1'  )   where 9006  =  9006 union all select null,null,null,null,null,null--",nearest_attack_euclidean,R000748,3.701924920010176
GAN_000284,attack,union,"1'  )   as vpop where 2528  =  2528 union all select null,null,null,null,null,null,null#",nearest_attack_euclidean,R000331,4.928699284762079
GAN_000285,attack,union,"1'  )   where 9006  =  9006 union all select null,null,null,null,null,null--",nearest_attack_euclidean,R000748,3.9455953680663547
GAN_000286,attack,union,"-9808' in boolean mode  )   union all select 2528,2528,2528,2528,2528,2528,2528--",nearest_attack_euclidean,R001310,4.880395746732629
GAN_000287,attack,union,"1'  )   as saqp where 6612  =  6612 union all select null,null,null,null,null,null,null--",nearest_attack_euclidean,R000618,3.8212739645936336
GAN_000288,attack,union,"-2316%' union all select 8636,8636,8636,8636,8636,8636,8636--",nearest_attack_euclidean,R001238,5.745213859591784
GAN_000289,attack,union,"-2382%'  )   union all select 8885,8885,8885,8885,8885,8885,8885#",nearest_attack_euclidean,R001263,4.86915187236774
GAN_000290,attack,union,"1'||  (  select 'pygt' from dual where 5543  =  5543 union all select null,null,null,null,null,null#",nearest_attack_euclidean,R000852,5.929853505275874
GAN_000291,attack,union,"1'  )   as siyk where 1514  =  1514 union all select null,null,null,null,null,null#",nearest_attack_euclidean,R000373,4.425791079196435
GAN_000292,attack,union,"1'||  (  select 'pygt' from dual where 5543  =  5543 union all select null,null,null,null,null,null#",nearest_attack_euclidean,R000852,6.080657771907914
GAN_000293,attack,union,"-9808' in boolean mode  )   union all select 2528,2528,2528,2528,2528,2528,2528--",nearest_attack_euclidean,R001310,5.270393237601792
GAN_000294,attack,union,"-6580'  )   union all select 9950,9950,9950,9950,9950,9950--",nearest_attack_euclidean,R000924,4.505786354362387
GAN_000295,attack,union,"1'  )   where 5071  =  5071 union all select null,null,null,null,null,null,null--",nearest_attack_euclidean,R001481,3.3124033204635075
GAN_000296,attack,union,"1'||  (  select 'pygt' from dual where 5543  =  5543 union all select null,null,null,null,null,null#",nearest_attack_euclidean,R000852,6.038113260565939
GAN_000297,attack,union,"-4452%"" union all select 7141,7141,7141,7141,7141,7141,7141,7141--",nearest_attack_euclidean,R001308,7.4838874764700725
GAN_000298,attack,union,"1'  )   where 9006  =  9006 union all select null,null,null,null,null,null--",nearest_attack_euclidean,R000748,3.565504749004028
GAN_000299,attack,union,"-6580'  )   union all select 9950,9950,9950,9950,9950,9950--",nearest_attack_euclidean,R000924,5.057285193112721
GAN_000300,attack,union,"1'  )   where 9006  =  9006 union all select null,null,null,null,null,null--",nearest_attack_euclidean,R000748,3.328948672580906
GAN_000301,attack,union,"1'  )   where 5071  =  5071 union all select null,null,null,null,null,null,null--",nearest_attack_euclidean,R001481,3.7545104200175654
GAN_000302,attack,union,"1'  )   as vpop where 2528  =  2528 union all select null,null,null,null,null,null,null#",nearest_attack_euclidean,R000331,3.869336526743817
GAN_000303,attack,union,"-6580'  )   union all select 9950,9950,9950,9950,9950,9950--",nearest_attack_euclidean,R000924,3.747710842601883
GAN_000304,attack,union,"-9808' in boolean mode  )   union all select 2528,2528,2528,2528,2528,2528,2528--",nearest_attack_euclidean,R001310,5.956053318817992
GAN_000305,attack,union,"-9808' in boolean mode  )   union all select 2528,2528,2528,2528,2528,2528,2528--",nearest_attack_euclidean,R001310,4.12978383420198
GAN_000306,attack,union,"-9808' in boolean mode  )   union all select 2528,2528,2528,2528,2528,2528,2528--",nearest_attack_euclidean,R001310,4.790468446123014
GAN_000307,attack,union,"-6580'  )   union all select 9950,9950,9950,9950,9950,9950--",nearest_attack_euclidean,R000924,3.219064836121791
GAN_000308,attack,union,"1'||  (  select 'ybfo' from dual where 3319  =  3319 union all select null,null,null,null,null,null,null,null#",nearest_attack_euclidean,R000889,9.636902360912474
GAN_000309,attack,union,"1'  )   where 5071  =  5071 union all select null,null,null,null,null,null,null--",nearest_attack_euclidean,R001481,3.637817818515937
GAN_000310,attack,union,"-2316%' union all select 8636,8636,8636,8636,8636,8636,8636--",nearest_attack_euclidean,R001238,6.0795820072571205
GAN_000311,attack,union,"1%'  )   union all select null,null,null,null,null,null--",nearest_attack_euclidean,R001248,6.07782184060116
GAN_000312,attack,union,"1'  )   as saqp where 6612  =  6612 union all select null,null,null,null,null,null,null--",nearest_attack_euclidean,R000618,4.4146380997550905
GAN_000313,attack,union,"-6580'  )   union all select 9950,9950,9950,9950,9950,9950--",nearest_attack_euclidean,R000924,5.187230197576962
GAN_000314,attack,union,"-4452%"" union all select 7141,7141,7141,7141,7141,7141,7141,7141--",nearest_attack_euclidean,R001308,10.650306046147684
GAN_000315,attack,union,"1'  )   where 9006  =  9006 union all select null,null,null,null,null,null--",nearest_attack_euclidean,R000748,3.406550667378411
GAN_000316,attack,union,"1'  )   where 5071  =  5071 union all select null,null,null,null,null,null,null--",nearest_attack_euclidean,R001481,4.246269530478881
GAN_000317,attack,union,"1'  )   where 9006  =  9006 union all select null,null,null,null,null,null--",nearest_attack_euclidean,R000748,4.090023303045747
GAN_000318,attack,union,"1'  )   where 9842  =  9842 union all select null,null,null,null,null,null,null,null#",nearest_attack_euclidean,R000207,5.15991142157296
GAN_000319,attack,union,"-2382%'  )   union all select 8885,8885,8885,8885,8885,8885,8885#",nearest_attack_euclidean,R001263,6.708009772824152
GAN_000320,attack,union,"1'  )   where 6988  =  6988 union all select null,null,null,null,null,null,null,null--",nearest_attack_euclidean,R001162,4.742659569985474
GAN_000321,attack,union,"1'  )   as vpop where 2528  =  2528 union all select null,null,null,null,null,null,null#",nearest_attack_euclidean,R000331,5.055979923870097
GAN_000322,attack,union,"1'  )   where 1577  =  1577 union all select null,null,null,null,null,null#",nearest_attack_euclidean,R000307,3.8501368065737753
GAN_000323,attack,union,"1'  )   where 9006  =  9006 union all select null,null,null,null,null,null--",nearest_attack_euclidean,R000748,4.0976338740517395
GAN_000324,attack,union,"-4711' in boolean mode  )   union all select 8007,8007,8007,8007,8007,8007--",nearest_attack_euclidean,R000658,3.7831176327442466
GAN_000325,attack,union,"1'  )   as vpop where 2528  =  2528 union all select null,null,null,null,null,null,null#",nearest_attack_euclidean,R000331,4.980525492839809
GAN_000326,attack,union,"-6580'  )   union all select 9950,9950,9950,9950,9950,9950--",nearest_attack_euclidean,R000924,5.972331995846851
GAN_000327,attack,union,"-1164""  )   union all select 6617,6617,6617,6617,6617,6617--",nearest_attack_euclidean,R000585,4.455780456281037
GAN_000328,attack,union,"1'  )   as vpop where 2528  =  2528 union all select null,null,null,null,null,null,null#",nearest_attack_euclidean,R000331,5.654612366304762
GAN_000329,attack,union,"1'||  (  select 'pygt' from dual where 5543  =  5543 union all select null,null,null,null,null,null#",nearest_attack_euclidean,R000852,7.880988991152116
GAN_000330,attack,union,"1'  )   as vpop where 2528  =  2528 union all select null,null,null,null,null,null,null#",nearest_attack_euclidean,R000331,4.060295450474536
GAN_000331,attack,union,"1'  )   where 5925  =  5925 union all select null,null,null,null,null,null,null#",nearest_attack_euclidean,R001205,4.093517334202095
GAN_000332,attack,union,"1'  )   as vpop where 2528  =  2528 union all select null,null,null,null,null,null,null#",nearest_attack_euclidean,R000331,5.231845413901413
GAN_000333,attack,union,"-8215%""  )   union all select 3877,3877,3877,3877,3877,3877--",nearest_attack_euclidean,R000744,6.001823067359858
GAN_000334,attack,union,"1'  )   where 9006  =  9006 union all select null,null,null,null,null,null--",nearest_attack_euclidean,R000748,3.6678093259275766
GAN_000335,attack,union,"1'  )   as vpop where 2528  =  2528 union all select null,null,null,null,null,null,null#",nearest_attack_euclidean,R000331,4.445027784711999
GAN_000336,attack,union,"1'  )   as pfwt where 8448  =  8448 union all select null,null,null,null,null,null,null,null,null#",nearest_attack_euclidean,R000599,6.243609772376485
GAN_000337,attack,union,"1'  )   where 5071  =  5071 union all select null,null,null,null,null,null,null--",nearest_attack_euclidean,R001481,3.840166433039217
GAN_000338,attack,union,"-1164""  )   union all select 6617,6617,6617,6617,6617,6617--",nearest_attack_euclidean,R000585,4.7826050543337635
GAN_000339,attack,union,"1'  )   as vpop where 2528  =  2528 union all select null,null,null,null,null,null,null#",nearest_attack_euclidean,R000331,6.1239872972008484
GAN_000340,attack,union,"1'  )   as pfwt where 8448  =  8448 union all select null,null,null,null,null,null,null,null,null#",nearest_attack_euclidean,R000599,5.297217242992018
GAN_000341,attack,union,"-9808' in boolean mode  )   union all select 2528,2528,2528,2528,2528,2528,2528--",nearest_attack_euclidean,R001310,4.599950888753015
GAN_000342,attack,union,"-4825%'  )   union all select 6804,6804,6804,6804,6804,6804,6804--",nearest_attack_euclidean,R000768,6.308597437774838
GAN_000343,attack,union,"1'  )   as vpop where 2528  =  2528 union all select null,null,null,null,null,null,null#",nearest_attack_euclidean,R000331,4.151225146220592
GAN_000344,attack,union,"-4452%"" union all select 7141,7141,7141,7141,7141,7141,7141,7141--",nearest_attack_euclidean,R001308,8.695651740452467
GAN_000345,attack,union,"1'||  (  select 'pygt' from dual where 5543  =  5543 union all select null,null,null,null,null,null#",nearest_attack_euclidean,R000852,5.942164466398865
GAN_000346,attack,union,"1'  )   as pfwt where 8448  =  8448 union all select null,null,null,null,null,null,null,null,null#",nearest_attack_euclidean,R000599,5.260674413200103
GAN_000347,attack,union,"1'  )   where 5071  =  5071 union all select null,null,null,null,null,null,null--",nearest_attack_euclidean,R001481,5.162978032246504
GAN_000348,attack,union,"1'  )   where 9006  =  9006 union all select null,null,null,null,null,null--",nearest_attack_euclidean,R000748,3.478944984704777
GAN_000349,attack,union,"1'  )   as vpop where 2528  =  2528 union all select null,null,null,null,null,null,null#",nearest_attack_euclidean,R000331,4.446693647407849
GAN_000350,attack,union,"1'  )   as siyk where 1514  =  1514 union all select null,null,null,null,null,null#",nearest_attack_euclidean,R000373,3.854961692545282
GAN_000351,attack,union,"-8215%""  )   union all select 3877,3877,3877,3877,3877,3877--",nearest_attack_euclidean,R000744,6.8943241648857585
GAN_000352,attack,union,"1'  )   as vpop where 2528  =  2528 union all select null,null,null,null,null,null,null#",nearest_attack_euclidean,R000331,4.0841186103791145
GAN_000353,attack,union,"1'  )   where 9842  =  9842 union all select null,null,null,null,null,null,null,null#",nearest_attack_euclidean,R000207,7.0835131150992146
GAN_000354,attack,union,"-3442' in boolean mode  )   union all select 6255,6255,6255,6255,6255#",nearest_attack_euclidean,R000890,4.6456232008469085
GAN_000355,attack,union,"1'  )   where 5925  =  5925 union all select null,null,null,null,null,null,null#",nearest_attack_euclidean,R001205,3.890522522821495
GAN_000356,attack,union,"1'  )   as vpop where 2528  =  2528 union all select null,null,null,null,null,null,null#",nearest_attack_euclidean,R000331,3.862143150538145
GAN_000357,attack,union,"1'  )   as siyk where 1514  =  1514 union all select null,null,null,null,null,null#",nearest_attack_euclidean,R000373,3.5908229310863238
GAN_000358,attack,union,"-9808' in boolean mode  )   union all select 2528,2528,2528,2528,2528,2528,2528--",nearest_attack_euclidean,R001310,3.6845626703828467
GAN_000359,attack,union,"-4452%"" union all select 7141,7141,7141,7141,7141,7141,7141,7141--",nearest_attack_euclidean,R001308,7.835449386185932
GAN_000360,attack,union,"-4711' in boolean mode  )   union all select 8007,8007,8007,8007,8007,8007--",nearest_attack_euclidean,R000658,3.2231277954659117
GAN_000361,attack,union,"-1164""  )   union all select 6617,6617,6617,6617,6617,6617--",nearest_attack_euclidean,R000585,5.109911787447876
GAN_000362,attack,union,"1""  )   union all select null,null,null,null,null,null--",nearest_attack_euclidean,R000486,5.790069532617461
GAN_000363,attack,union,"1'  )   where 9006  =  9006 union all select null,null,null,null,null,null--",nearest_attack_euclidean,R000748,3.87415720525656
GAN_000364,attack,union,"1'  )   as siyk where 1514  =  1514 union all select null,null,null,null,null,null#",nearest_attack_euclidean,R000373,4.224649336685231
GAN_000365,attack,union,"1'  )   where 5925  =  5925 union all select null,null,null,null,null,null,null#",nearest_attack_euclidean,R001205,4.361211959294705
GAN_000366,attack,union,"1'  )   where 5071  =  5071 union all select null,null,null,null,null,null,null--",nearest_attack_euclidean,R001481,3.6409686599406115
GAN_000367,attack,union,"1'  )   as saqp where 6612  =  6612 union all select null,null,null,null,null,null,null--",nearest_attack_euclidean,R000618,4.136193401038699
GAN_000368,attack,union,"-6580'  )   union all select 9950,9950,9950,9950,9950,9950--",nearest_attack_euclidean,R000924,4.2992322242068575
GAN_000369,attack,union,"1'||  (  select 'pygt' from dual where 5543  =  5543 union all select null,null,null,null,null,null#",nearest_attack_euclidean,R000852,6.20847601281607
GAN_000370,attack,union,"1'  )   as vpop where 2528  =  2528 union all select null,null,null,null,null,null,null#",nearest_attack_euclidean,R000331,5.04460376020921
GAN_000371,attack,union,"1'  )   as vpop where 2528  =  2528 union all select null,null,null,null,null,null,null#",nearest_attack_euclidean,R000331,5.6730521317681255
GAN_000372,attack,union,"-2382%'  )   union all select 8885,8885,8885,8885,8885,8885,8885#",nearest_attack_euclidean,R001263,7.6228613329916675
GAN_000373,attack,union,"1'  )   as vpop where 2528  =  2528 union all select null,null,null,null,null,null,null#",nearest_attack_euclidean,R000331,4.101778732744472
GAN_000374,attack,union,"-2316%' union all select 8636,8636,8636,8636,8636,8636,8636--",nearest_attack_euclidean,R001238,7.813984334380265
GAN_000375,attack,union,"1'  )   as vpop where 2528  =  2528 union all select null,null,null,null,null,null,null#",nearest_attack_euclidean,R000331,4.384403095247461
GAN_000376,attack,union,"1'||  (  select 'pygt' from dual where 5543  =  5543 union all select null,null,null,null,null,null#",nearest_attack_euclidean,R000852,5.576822411380368
GAN_000377,attack,union,"-8215%""  )   union all select 3877,3877,3877,3877,3877,3877--",nearest_attack_euclidean,R000744,6.613693957596418
GAN_000378,attack,union,"1'  )   where 5071  =  5071 union all select null,null,null,null,null,null,null--",nearest_attack_euclidean,R001481,4.6017476049024415
GAN_000379,attack,union,"1'  )   where 9842  =  9842 union all select null,null,null,null,null,null,null,null#",nearest_attack_euclidean,R000207,4.939597300958991
GAN_000380,attack,union,"1'  )   where 9842  =  9842 union all select null,null,null,null,null,null,null,null#",nearest_attack_euclidean,R000207,4.557709362650496
GAN_000381,attack,union,"-4452%"" union all select 7141,7141,7141,7141,7141,7141,7141,7141--",nearest_attack_euclidean,R001308,8.427442783566029
GAN_000382,attack,union,"-4452%"" union all select 7141,7141,7141,7141,7141,7141,7141,7141--",nearest_attack_euclidean,R001308,7.570185273865876
GAN_000383,attack,union,"1'||  (  select 'pygt' from dual where 5543  =  5543 union all select null,null,null,null,null,null#",nearest_attack_euclidean,R000852,6.160877964438874
GAN_000384,attack,union,"1'  )   where 9006  =  9006 union all select null,null,null,null,null,null--",nearest_attack_euclidean,R000748,3.8004709326615504
GAN_000385,attack,union,"1' in boolean mode  )   union all select null,null,null,null,null,null,null--",nearest_attack_euclidean,R000742,5.968061415708198
GAN_000386,attack,union,"1'  )   where 5071  =  5071 union all select null,null,null,null,null,null,null--",nearest_attack_euclidean,R001481,4.753470451886489
GAN_000387,attack,union,"1'  )   where 1577  =  1577 union all select null,null,null,null,null,null#",nearest_attack_euclidean,R000307,3.9099834478266766
GAN_000388,attack,union,"1'||  (  select 'pygt' from dual where 5543  =  5543 union all select null,null,null,null,null,null#",nearest_attack_euclidean,R000852,5.822326397586502
GAN_000389,attack,union,"1'  )   where 9006  =  9006 union all select null,null,null,null,null,null--",nearest_attack_euclidean,R000748,4.088268966040892
GAN_000390,attack,union,"-4465%' union all select 6196,6196,6196,6196,6196,6196,6196,6196--",nearest_attack_euclidean,R000690,6.338088735564253
GAN_000391,attack,union,"-6580'  )   union all select 9950,9950,9950,9950,9950,9950--",nearest_attack_euclidean,R000924,4.9580370506965945
GAN_000392,attack,union,"1'  )   as siyk where 1514  =  1514 union all select null,null,null,null,null,null#",nearest_attack_euclidean,R000373,3.820040889450918
GAN_000393,attack,union,"-9808' in boolean mode  )   union all select 2528,2528,2528,2528,2528,2528,2528--",nearest_attack_euclidean,R001310,4.823455133301311
GAN_000394,attack,union,"1'  )   where 9006  =  9006 union all select null,null,null,null,null,null--",nearest_attack_euclidean,R000748,4.917682845256945
GAN_000395,attack,union,"1'  )   where 9006  =  9006 union all select null,null,null,null,null,null--",nearest_attack_euclidean,R000748,4.118377816105695
GAN_000396,attack,union,"-2316%' union all select 8636,8636,8636,8636,8636,8636,8636--",nearest_attack_euclidean,R001238,7.032474964157935
GAN_000397,attack,union,"-4711' in boolean mode  )   union all select 8007,8007,8007,8007,8007,8007--",nearest_attack_euclidean,R000658,3.448963682851848
GAN_000398,attack,union,"-9808' in boolean mode  )   union all select 2528,2528,2528,2528,2528,2528,2528--",nearest_attack_euclidean,R001310,4.664449500438677
GAN_000399,attack,union,"1'  )   where 5925  =  5925 union all select null,null,null,null,null,null,null#",nearest_attack_euclidean,R001205,3.6812279812766087
GAN_000400,attack,union,"1'  )   where 5071  =  5071 union all select null,null,null,null,null,null,null--",nearest_attack_euclidean,R001481,3.849835239281488
GAN_000401,attack,union,"-4465%' union all select 6196,6196,6196,6196,6196,6196,6196,6196--",nearest_attack_euclidean,R000690,7.044452781625989
GAN_000402,attack,union,"-4452%"" union all select 7141,7141,7141,7141,7141,7141,7141,7141--",nearest_attack_euclidean,R001308,7.901212737339835
GAN_000403,attack,union,"1'  )   where 9006  =  9006 union all select null,null,null,null,null,null--",nearest_attack_euclidean,R000748,3.8448459330173876
GAN_000404,attack,union,"1'  )   where 9006  =  9006 union all select null,null,null,null,null,null--",nearest_attack_euclidean,R000748,3.141393800700753
GAN_000405,attack,union,"-6580'  )   union all select 9950,9950,9950,9950,9950,9950--",nearest_attack_euclidean,R000924,4.070076017804634
GAN_000406,attack,union,"-9808' in boolean mode  )   union all select 2528,2528,2528,2528,2528,2528,2528--",nearest_attack_euclidean,R001310,5.202341815343946
GAN_000407,attack,union,"-7858'  )   union all select 1541,1541,1541,1541,1541,1541#",nearest_attack_euclidean,R000319,4.577287877451135
GAN_000408,attack,union,"1'  )   as vpop where 2528  =  2528 union all select null,null,null,null,null,null,null#",nearest_attack_euclidean,R000331,4.861384841095875
GAN_000409,attack,union,"-3442' in boolean mode  )   union all select 6255,6255,6255,6255,6255#",nearest_attack_euclidean,R000890,4.40667970133836
GAN_000410,attack,union,"1'  )   where 5925  =  5925 union all select null,null,null,null,null,null,null#",nearest_attack_euclidean,R001205,3.6316354062027
GAN_000411,attack,union,"-2316%' union all select 8636,8636,8636,8636,8636,8636,8636--",nearest_attack_euclidean,R001238,6.368331597435899
GAN_000412,attack,union,"1%""  )   union all select null,null,null,null,null,null,null,null--",nearest_attack_euclidean,R001037,6.548663552363479
GAN_000413,attack,union,"-6580'  )   union all select 9950,9950,9950,9950,9950,9950--",nearest_attack_euclidean,R000924,4.600533327381322
GAN_000414,attack,union,"-4452%"" union all select 7141,7141,7141,7141,7141,7141,7141,7141--",nearest_attack_euclidean,R001308,5.6797456811547615
GAN_000415,attack,union,"-2316%' union all select 8636,8636,8636,8636,8636,8636,8636--",nearest_attack_euclidean,R001238,5.240133424817917
GAN_000416,attack,union,"1'||  (  select 'pygt' from dual where 5543  =  5543 union all select null,null,null,null,null,null#",nearest_attack_euclidean,R000852,6.817821671409032
GAN_000417,attack,union,"-2316%' union all select 8636,8636,8636,8636,8636,8636,8636--",nearest_attack_euclidean,R001238,8.186902876384732
GAN_000418,attack,union,"-7858'  )   union all select 1541,1541,1541,1541,1541,1541#",nearest_attack_euclidean,R000319,4.449066625005848
GAN_000419,attack,union,"-1164""  )   union all select 6617,6617,6617,6617,6617,6617--",nearest_attack_euclidean,R000585,4.738559275062102
GAN_000420,attack,union,"-6580'  )   union all select 9950,9950,9950,9950,9950,9950--",nearest_attack_euclidean,R000924,4.010537555274956
GAN_000421,attack,union,"1'  )   where 5925  =  5925 union all select null,null,null,null,null,null,null#",nearest_attack_euclidean,R001205,5.038219284719323
GAN_000422,attack,union,"1'  )   where 9006  =  9006 union all select null,null,null,null,null,null--",nearest_attack_euclidean,R000748,3.2384642494426745
GAN_000423,attack,union,"-1891' in boolean mode  )   union all select 6680,6680,6680,6680,6680,6680,6680,6680#",nearest_attack_euclidean,R000269,5.068368810239806
GAN_000424,attack,union,"1'  )   as vpop where 2528  =  2528 union all select null,null,null,null,null,null,null#",nearest_attack_euclidean,R000331,4.2204241727012075
GAN_000425,attack,union,"1'  )   where 5071  =  5071 union all select null,null,null,null,null,null,null--",nearest_attack_euclidean,R001481,3.5717793488138834
GAN_000426,attack,union,"1'+  (  select cjcp where 2590  =  2590 union all select null,null,null,null,null,null,null#",nearest_attack_euclidean,R000489,5.824203386974113
GAN_000427,attack,union,"-6580'  )   union all select 9950,9950,9950,9950,9950,9950--",nearest_attack_euclidean,R000924,4.5551896999216925
GAN_000428,attack,union,"1'  )   as vpop where 2528  =  2528 union all select null,null,null,null,null,null,null#",nearest_attack_euclidean,R000331,5.157612109106219
GAN_000429,attack,union,"-9808' in boolean mode  )   union all select 2528,2528,2528,2528,2528,2528,2528--",nearest_attack_euclidean,R001310,4.008232694726449
GAN_000430,attack,union,"1'||  (  select 'ybfo' from dual where 3319  =  3319 union all select null,null,null,null,null,null,null,null#",nearest_attack_euclidean,R000889,6.761216807555005
GAN_000431,attack,union,"1'  )   where 5925  =  5925 union all select null,null,null,null,null,null,null#",nearest_attack_euclidean,R001205,3.861166144135357
GAN_000432,attack,union,"1'  )   where 9006  =  9006 union all select null,null,null,null,null,null--",nearest_attack_euclidean,R000748,4.37905415316038
GAN_000433,attack,union,"1'||  (  select 'pygt' from dual where 5543  =  5543 union all select null,null,null,null,null,null#",nearest_attack_euclidean,R000852,6.616845091715548
GAN_000434,attack,union,"1'  )   as vpop where 2528  =  2528 union all select null,null,null,null,null,null,null#",nearest_attack_euclidean,R000331,4.410052613782377
GAN_000435,attack,union,"-6580'  )   union all select 9950,9950,9950,9950,9950,9950--",nearest_attack_euclidean,R000924,3.49280482308111
GAN_000436,attack,union,"1'  )   where 9006  =  9006 union all select null,null,null,null,null,null--",nearest_attack_euclidean,R000748,3.4956864281968922
GAN_000437,attack,union,"-4452%"" union all select 7141,7141,7141,7141,7141,7141,7141,7141--",nearest_attack_euclidean,R001308,6.854763693435921
GAN_000438,attack,union,"1'  )   as vpop where 2528  =  2528 union all select null,null,null,null,null,null,null#",nearest_attack_euclidean,R000331,4.875715992190779
GAN_000439,attack,union,"-6580'  )   union all select 9950,9950,9950,9950,9950,9950--",nearest_attack_euclidean,R000924,4.1528002882575334
GAN_000440,attack,union,"1'  )   as vpop where 2528  =  2528 union all select null,null,null,null,null,null,null#",nearest_attack_euclidean,R000331,5.8216707290041265
GAN_000441,attack,union,"-9179""  )   union all select 7144,7144,7144,7144,7144,7144,7144,7144--",nearest_attack_euclidean,R000441,5.799983331697093
GAN_000442,attack,union,"-2316%' union all select 8636,8636,8636,8636,8636,8636,8636--",nearest_attack_euclidean,R001238,6.32405979517802
GAN_000443,attack,union,"1'  )   where 9842  =  9842 union all select null,null,null,null,null,null,null,null#",nearest_attack_euclidean,R000207,4.036228660745299
GAN_000444,attack,union,"1'||  (  select 'pygt' from dual where 5543  =  5543 union all select null,null,null,null,null,null#",nearest_attack_euclidean,R000852,7.784216696197359
GAN_000445,attack,union,"1'  )   where 9006  =  9006 union all select null,null,null,null,null,null--",nearest_attack_euclidean,R000748,3.8299637242940747
GAN_000446,attack,union,"-9808' in boolean mode  )   union all select 2528,2528,2528,2528,2528,2528,2528--",nearest_attack_euclidean,R001310,5.5271272242459535
GAN_000447,attack,union,"1'  )   where 9006  =  9006 union all select null,null,null,null,null,null--",nearest_attack_euclidean,R000748,4.0101938125984855
GAN_000448,attack,union,"-2316%' union all select 8636,8636,8636,8636,8636,8636,8636--",nearest_attack_euclidean,R001238,5.614154822021075
GAN_000449,attack,union,"1""  )   union all select null,null,null,null,null,null,null,null--",nearest_attack_euclidean,R001288,6.217321070447569
GAN_000450,attack,union,"1'  )   as vpop where 2528  =  2528 union all select null,null,null,null,null,null,null#",nearest_attack_euclidean,R000331,4.178358413548545
GAN_000451,attack,union,"-3781%'  )   union all select 7497,7497,7497,7497,7497--",nearest_attack_euclidean,R001269,5.523537537585621
GAN_000452,attack,union,"1'  )   where 5799  =  5799 union all select null,null,null,null,null--",nearest_attack_euclidean,R001509,3.126521090421042
GAN_000453,attack,union,"-6580'  )   union all select 9950,9950,9950,9950,9950,9950--",nearest_attack_euclidean,R000924,3.9007584810048788
GAN_000454,attack,union,"1'  )   as vpop where 2528  =  2528 union all select null,null,null,null,null,null,null#",nearest_attack_euclidean,R000331,5.471823142276248
GAN_000455,attack,union,"1'  )   where 5925  =  5925 union all select null,null,null,null,null,null,null#",nearest_attack_euclidean,R001205,4.7378622095346605
GAN_000456,attack,union,"1'  )   as vpop where 2528  =  2528 union all select null,null,null,null,null,null,null#",nearest_attack_euclidean,R000331,4.509116455143769
GAN_000457,attack,union,"1'  )   where 5071  =  5071 union all select null,null,null,null,null,null,null--",nearest_attack_euclidean,R001481,3.9448439654854845
GAN_000458,attack,union,"1'  )   where 5071  =  5071 union all select null,null,null,null,null,null,null--",nearest_attack_euclidean,R001481,3.4744510774751163
GAN_000459,attack,union,"-2382%'  )   union all select 8885,8885,8885,8885,8885,8885,8885#",nearest_attack_euclidean,R001263,4.8459090266202365
GAN_000460,attack,union,"1'  )   where 5071  =  5071 union all select null,null,null,null,null,null,null--",nearest_attack_euclidean,R001481,4.697848193146477
GAN_000461,attack,union,"-6580'  )   union all select 9950,9950,9950,9950,9950,9950--",nearest_attack_euclidean,R000924,4.04104726280327
GAN_000462,attack,union,"1'  )   where 5071  =  5071 union all select null,null,null,null,null,null,null--",nearest_attack_euclidean,R001481,3.735376477380201
GAN_000463,attack,union,"-8215%""  )   union all select 3877,3877,3877,3877,3877,3877--",nearest_attack_euclidean,R000744,6.130582475308336
GAN_000464,attack,union,"1'  )   as vpop where 2528  =  2528 union all select null,null,null,null,null,null,null#",nearest_attack_euclidean,R000331,5.221442616077258
GAN_000465,attack,union,"1'  )   as vpop where 2528  =  2528 union all select null,null,null,null,null,null,null#",nearest_attack_euclidean,R000331,5.838212394242408
GAN_000466,attack,union,"-4452%"" union all select 7141,7141,7141,7141,7141,7141,7141,7141--",nearest_attack_euclidean,R001308,6.129510889980213
GAN_000467,attack,union,"-8215%""  )   union all select 3877,3877,3877,3877,3877,3877--",nearest_attack_euclidean,R000744,4.758562226903905
GAN_000468,attack,union,"1'  )   as vpop where 2528  =  2528 union all select null,null,null,null,null,null,null#",nearest_attack_euclidean,R000331,4.0493534866470915
GAN_000469,attack,union,"-3781%'  )   union all select 7497,7497,7497,7497,7497--",nearest_attack_euclidean,R001269,4.889809047531108
GAN_000470,attack,union,"-4711' in boolean mode  )   union all select 8007,8007,8007,8007,8007,8007--",nearest_attack_euclidean,R000658,3.399183452938679
GAN_000471,attack,union,"1'  )   as vpop where 2528  =  2528 union all select null,null,null,null,null,null,null#",nearest_attack_euclidean,R000331,5.060176127319233
GAN_000472,attack,union,"1'  )   where 9842  =  9842 union all select null,null,null,null,null,null,null,null#",nearest_attack_euclidean,R000207,4.096684337968692
GAN_000473,attack,union,"-9179""  )   union all select 7144,7144,7144,7144,7144,7144,7144,7144--",nearest_attack_euclidean,R000441,5.4220919444670574
GAN_000474,attack,union,"1'  )   as vpop where 2528  =  2528 union all select null,null,null,null,null,null,null#",nearest_attack_euclidean,R000331,5.096012211506809
GAN_000475,attack,union,"1'  )   as siyk where 1514  =  1514 union all select null,null,null,null,null,null#",nearest_attack_euclidean,R000373,4.377501292837549
GAN_000476,attack,union,"-4711' in boolean mode  )   union all select 8007,8007,8007,8007,8007,8007--",nearest_attack_euclidean,R000658,3.311508550476742
GAN_000477,attack,union,"1'  )   as vpop where 2528  =  2528 union all select null,null,null,null,null,null,null#",nearest_attack_euclidean,R000331,3.9888026372686527
GAN_000478,attack,union,"-9808' in boolean mode  )   union all select 2528,2528,2528,2528,2528,2528,2528--",nearest_attack_euclidean,R001310,4.221365787268024
GAN_000479,attack,union,"1'||  (  select 'pygt' from dual where 5543  =  5543 union all select null,null,null,null,null,null#",nearest_attack_euclidean,R000852,6.480350222389618
GAN_000480,attack,union,"-1164""  )   union all select 6617,6617,6617,6617,6617,6617--",nearest_attack_euclidean,R000585,4.450492600589645
GAN_000481,attack,union,"1'  )   where 9006  =  9006 union all select null,null,null,null,null,null--",nearest_attack_euclidean,R000748,3.851607498191739
GAN_000482,attack,union,"1'  )   as vpop where 2528  =  2528 union all select null,null,null,null,null,null,null#",nearest_attack_euclidean,R000331,5.692257387565259
GAN_000483,attack,union,"-9808' in boolean mode  )   union all select 2528,2528,2528,2528,2528,2528,2528--",nearest_attack_euclidean,R001310,3.7975303913645977
GAN_000484,attack,union,"-3781%'  )   union all select 7497,7497,7497,7497,7497--",nearest_attack_euclidean,R001269,4.41473224646843
GAN_000485,attack,union,"-8215%""  )   union all select 3877,3877,3877,3877,3877,3877--",nearest_attack_euclidean,R000744,5.392338500795956
GAN_000486,attack,union,"-9808' in boolean mode  )   union all select 2528,2528,2528,2528,2528,2528,2528--",nearest_attack_euclidean,R001310,3.990306718012056
GAN_000487,attack,union,"1'  )   where 5925  =  5925 union all select null,null,null,null,null,null,null#",nearest_attack_euclidean,R001205,3.8283259932985634
GAN_000488,attack,union,"1'  )   where 5799  =  5799 union all select null,null,null,null,null--",nearest_attack_euclidean,R001509,3.063717193870106
GAN_000489,attack,union,"1'  )   as vpop where 2528  =  2528 union all select null,null,null,null,null,null,null#",nearest_attack_euclidean,R000331,5.06658637497851
GAN_000490,attack,union,"1'  )   where 9842  =  9842 union all select null,null,null,null,null,null,null,null#",nearest_attack_euclidean,R000207,5.681111765211663
GAN_000491,attack,union,"-1891' in boolean mode  )   union all select 6680,6680,6680,6680,6680,6680,6680,6680#",nearest_attack_euclidean,R000269,5.012423214103832
GAN_000492,attack,union,"-2316%' union all select 8636,8636,8636,8636,8636,8636,8636--",nearest_attack_euclidean,R001238,6.485185301053501
GAN_000493,attack,union,"1'  )   as siyk where 1514  =  1514 union all select null,null,null,null,null,null#",nearest_attack_euclidean,R000373,4.319974863195838
GAN_000494,attack,union,"1'||  (  select 'pygt' from dual where 5543  =  5543 union all select null,null,null,null,null,null#",nearest_attack_euclidean,R000852,6.730337379363543
GAN_000495,attack,union,"-6580'  )   union all select 9950,9950,9950,9950,9950,9950--",nearest_attack_euclidean,R000924,4.181731121212897
GAN_000496,attack,union,"1'  )   where 5925  =  5925 union all select null,null,null,null,null,null,null#",nearest_attack_euclidean,R001205,4.117825700436698
GAN_000497,attack,union,"1'||  (  select 'pygt' from dual where 5543  =  5543 union all select null,null,null,null,null,null#",nearest_attack_euclidean,R000852,5.957362100041325
GAN_000498,attack,union,"1'  )   where 9006  =  9006 union all select null,null,null,null,null,null--",nearest_attack_euclidean,R000748,3.571475127444939
GAN_000499,attack,union,"-2382%'  )   union all select 8885,8885,8885,8885,8885,8885,8885#",nearest_attack_euclidean,R001263,4.708214567260823
GAN_000500,attack,union,"1'  )   as vpop where 2528  =  2528 union all select null,null,null,null,null,null,null#",nearest_attack_euclidean,R000331,4.824928559924106
