id,label,payload_type,length,num_letters,num_digits,num_spaces,num_single_quotes,num_double_quotes,num_parentheses,num_commas,num_semicolons,num_equal,num_dash,num_slash,num_backslash,num_pipe,num_ampersand,num_percent,num_hash,num_at,num_underscore,num_angle,num_plus,num_star,num_comment_tokens,num_special,ratio_digits,ratio_spaces,ratio_special,entropy,token_count,avg_token_len,max_token_len,sql_keyword_count,has_union_select,has_boolean_pattern,has_time_pattern,has_error_pattern,has_order_pattern,has_stacked_pattern,has_exists_pattern,has_encoded_pattern,retrieval_source_id,retrieval_distance
CTGAN_000001,attack,boolean,141,79,7,54,0,4,4,4,0,2,2,0,0,0,0,0,0,1,3,0,0,1,1,18,0.05321274325251579,0.33282142877578735,0.10682868957519531,3.4497804641723633,41,2.0148069858551025,6,4,0,1,0,1,0,2,1,0,R000128,5.72636316554586
CTGAN_000002,attack,boolean,142,52,11,61,0,0,4,0,0,2,2,0,3,0,3,1,0,2,1,0,0,1,1,19,0.07521218806505203,0.5470014810562134,0.147284597158432,4.19741153717041,36,2.873749017715454,9,3,0,2,0,0,0,1,0,0,R000093,7.182711997680961
CTGAN_000003,attack,boolean,127,32,15,72,0,0,9,2,2,2,0,0,0,0,0,0,0,1,0,0,0,1,1,19,0.17684251070022583,0.2554819583892822,0.15360423922538757,4.444291591644287,30,2.7818143367767334,16,4,0,0,1,2,1,0,0,0,R000241,5.9746816300902506
CTGAN_000004,attack,boolean,143,68,10,36,0,4,6,4,2,1,2,0,2,5,1,0,0,1,0,0,0,1,1,14,0.16269055008888245,0.2669419050216675,0.13111434876918793,4.400038719177246,30,3.287709951400757,15,3,0,0,0,1,1,0,0,0,R000127,6.789375515284311
CTGAN_000005,attack,boolean,137,58,17,52,1,0,9,1,1,1,0,1,0,0,0,1,0,0,1,0,0,1,0,13,0.060990992933511734,0.2689977288246155,0.14469179511070251,3.6443326473236084,34,2.4394142627716064,10,3,1,0,1,0,1,2,0,0,R000042,5.7695680281712
CTGAN_000006,attack,boolean,139,63,15,41,0,3,4,1,1,2,0,0,0,0,2,0,0,2,0,0,0,1,1,24,0.16973234713077545,0.3167227804660797,0.15693703293800354,3.814613103866577,37,2.591648817062378,7,3,2,0,0,0,1,1,1,0,R000146,6.099984332825235
CTGAN_000007,attack,boolean,140,50,10,58,5,0,7,2,3,1,0,0,1,0,0,1,0,1,0,0,0,0,1,15,0.06486696004867554,0.29474499821662903,0.125036358833313,4.0617547035217285,41,2.579789400100708,7,4,0,0,2,1,1,3,0,0,R000173,6.80281386116327
CTGAN_000008,attack,boolean,135,71,6,37,1,1,8,3,0,2,0,0,3,0,0,0,0,1,0,0,0,1,1,17,0.11876644194126129,0.29811891913414,0.1324009895324707,4.00563383102417,29,3.052527904510498,10,3,0,1,0,0,1,0,0,0,R000248,5.143432128270069
CTGAN_000009,attack,boolean,140,54,14,43,4,0,5,2,2,1,2,0,1,0,0,0,0,0,0,0,0,1,0,19,0.04816127568483353,0.24777410924434662,0.13431937992572784,4.091154098510742,34,1.862413763999939,8,3,0,0,1,0,2,1,1,1,R000255,5.961209864336947
CTGAN_000010,attack,boolean,132,45,6,45,0,0,6,5,0,2,2,0,0,7,0,0,0,0,1,0,0,1,0,20,0.10649391263723373,0.23802167177200317,0.11964604258537292,3.655539035797119,36,2.6384260654449463,11,3,0,0,1,0,1,0,0,0,R000158,5.832158987185317
CTGAN_000011,attack,boolean,132,91,6,41,0,1,3,2,0,2,0,0,0,0,1,0,0,0,0,0,0,1,1,31,0.08684471249580383,0.3380667269229889,0.1481398642063141,3.8227977752685547,34,2.4937117099761963,8,3,0,2,1,0,3,1,0,0,R000018,6.847719694941754
CTGAN_000012,attack,boolean,143,39,26,38,2,0,8,2,2,2,2,0,0,0,1,0,0,0,0,0,3,1,0,13,0.05355229601264,0.2457921802997589,0.1514987349510193,4.137651443481445,33,2.772559404373169,10,2,0,0,0,2,0,0,0,0,R000280,8.452783330445419
CTGAN_000013,attack,boolean,135,67,7,48,0,3,3,1,0,2,0,0,2,0,2,0,0,2,2,0,0,0,0,18,0.07198062539100647,0.3212895691394806,0.14446334540843964,3.9253692626953125,30,2.620837688446045,6,2,0,0,0,1,0,0,1,0,R000139,5.750650158390741
CTGAN_000014,attack,boolean,138,51,18,48,0,0,8,2,0,1,2,0,1,0,0,0,0,0,0,0,0,1,0,29,0.045675504952669144,0.23418718576431274,0.16204878687858582,4.183981895446777,36,2.7293701171875,9,4,2,1,1,0,0,0,0,1,R000015,6.372310735724388
CTGAN_000015,attack,boolean,135,80,22,56,4,3,4,5,2,2,0,0,0,0,0,0,0,0,0,0,0,0,0,26,0.16589702665805817,0.31393963098526,0.15302960574626923,3.0773091316223145,28,2.819756031036377,7,3,0,0,0,0,2,1,1,1,R000187,7.717738793208935
CTGAN_000016,attack,boolean,131,73,15,44,0,0,9,1,3,1,0,0,3,0,0,1,0,1,0,0,0,0,0,16,0.1624041199684143,0.26452890038490295,0.11124251782894135,4.189116477966309,35,3.428825616836548,8,4,1,0,0,0,0,1,0,0,R000152,6.476990345193736
CTGAN_000017,attack,boolean,134,29,16,33,2,0,5,1,1,2,2,0,0,0,3,0,0,0,0,0,0,1,0,17,0.0,0.33556607365608215,0.16602328419685364,3.619300603866577,31,2.5739872455596924,9,1,0,3,0,0,0,1,0,0,R000107,7.0114645426061655
CTGAN_000018,attack,boolean,137,84,16,52,3,3,6,4,0,1,2,0,0,0,0,2,0,0,6,0,0,0,0,21,0.0970243364572525,0.28164470195770264,0.19902420043945312,4.285468578338623,39,3.054495334625244,15,4,0,0,0,0,1,1,0,0,R000095,5.691005990386627
CTGAN_000019,attack,boolean,136,48,12,32,6,0,4,3,0,2,0,0,1,0,2,1,0,1,0,0,0,0,0,28,0.06190881133079529,0.31936970353126526,0.16204005479812622,4.327884674072266,34,2.0486948490142822,10,3,0,3,0,0,0,0,2,0,R000173,6.757121343907944
CTGAN_000020,attack,boolean,140,86,12,39,2,1,10,2,0,1,2,0,0,0,0,0,0,1,0,0,0,1,0,22,0.050332799553871155,0.4793705344200134,0.12871144711971283,3.666215181350708,34,2.491240978240967,10,4,3,0,0,0,0,1,0,0,R000273,5.290228166498645
CTGAN_000021,attack,boolean,140,80,15,63,0,0,4,0,0,1,0,0,3,0,0,2,0,1,0,0,0,1,0,20,0.18668591976165771,0.25538989901542664,0.14682801067829132,3.6498148441314697,36,2.8927600383758545,14,3,0,1,0,0,1,1,0,0,R000275,6.962918365572486
CTGAN_000022,attack,boolean,129,68,9,54,2,1,3,0,0,1,2,1,0,0,0,1,0,2,0,0,1,0,1,14,0.07868688553571701,0.294077068567276,0.1387924998998642,3.760587453842163,25,2.8398423194885254,10,2,0,0,0,1,2,0,0,0,R000301,7.476109137210912
CTGAN_000023,attack,boolean,129,67,24,43,1,1,9,0,0,1,0,1,2,0,0,0,0,1,0,0,0,1,0,22,0.084457628428936,0.3270174562931061,0.13578741252422333,4.036516189575195,29,2.828413248062134,10,3,0,0,0,0,2,0,1,0,R000101,5.87916461140989
CTGAN_000024,attack,boolean,141,52,10,41,0,2,9,4,2,2,0,0,0,4,0,1,0,0,0,0,1,1,0,17,0.0,0.2999696433544159,0.1712678074836731,3.795438766479492,27,2.3973388671875,10,3,2,1,0,2,2,1,0,1,R000258,9.037024338797032
CTGAN_000025,attack,boolean,130,70,15,33,0,0,8,2,0,2,2,0,2,0,2,0,0,0,0,0,0,0,1,20,0.06177448481321335,0.3463298976421356,0.14429917931556702,4.434024333953857,37,2.5742764472961426,10,3,0,0,1,0,3,1,1,0,R000215,5.930003694197752
CTGAN_000026,attack,boolean,141,80,14,47,5,0,6,4,2,2,2,0,0,0,0,0,0,0,0,0,0,0,1,20,0.10963132232427597,0.29490533471107483,0.12912961840629578,3.5848803520202637,38,2.4060068130493164,8,3,0,0,0,0,0,0,0,0,R000255,4.845332931602139
CTGAN_000027,attack,boolean,138,49,13,36,4,0,5,2,0,2,0,0,0,0,0,0,0,0,0,0,0,1,0,15,0.16387218236923218,0.49128156900405884,0.156577467918396,3.8879425525665283,29,2.125969171524048,8,4,0,2,0,1,1,3,1,0,R000294,6.357168705867536
CTGAN_000028,attack,boolean,134,52,18,36,0,0,10,2,2,2,2,1,0,0,0,0,0,0,0,0,0,1,1,17,0.10381165146827698,0.24104873836040497,0.15370115637779236,4.185368061065674,37,2.4126992225646973,10,4,2,0,2,0,1,2,1,0,R000028,6.431853808972636
CTGAN_000029,attack,boolean,130,42,22,40,0,3,8,4,1,1,2,0,3,0,0,0,0,0,2,0,0,1,0,20,0.15728528797626495,0.281563401222229,0.16668692231178284,4.162895679473877,31,2.736562728881836,8,3,1,1,0,1,0,0,0,1,R000061,6.506022754967089
CTGAN_000030,attack,boolean,142,66,18,41,8,0,6,5,1,2,1,0,0,0,0,0,0,0,0,0,0,1,1,15,0.19347713887691498,0.2751595675945282,0.13515368103981018,3.9165167808532715,38,2.2539150714874268,13,4,1,0,0,0,0,0,1,0,R000116,5.939761596404146
CTGAN_000031,attack,boolean,139,69,11,47,0,0,11,1,0,1,0,0,2,0,2,0,0,0,0,0,0,0,0,18,0.06433749943971634,0.4223684072494507,0.17311261594295502,3.7033028602600098,39,2.4939534664154053,7,4,0,0,0,1,3,0,0,0,R000226,6.56824991071369
CTGAN_000032,attack,boolean,143,94,11,43,3,0,9,5,2,2,0,0,0,0,0,0,0,0,2,0,0,0,1,15,0.0944192111492157,0.3337109684944153,0.20768968760967255,3.5901100635528564,27,2.814831018447876,10,3,0,0,1,0,0,0,0,0,R000213,6.264201763929964
CTGAN_000033,attack,boolean,141,70,10,40,1,1,3,2,0,1,2,0,0,0,0,0,0,1,0,0,0,0,1,16,0.125954732298851,0.4974919855594635,0.2456524521112442,4.273887634277344,28,2.9745001792907715,15,2,2,2,1,0,0,0,0,0,R000113,7.815025814445207
CTGAN_000034,attack,boolean,130,50,6,37,3,0,6,1,0,1,0,0,1,0,0,0,0,0,0,0,0,1,1,17,0.06193026527762413,0.2483689934015274,0.20269396901130676,3.671065330505371,34,2.5747570991516113,15,3,1,0,0,0,0,0,0,0,R000138,5.351777978769232
CTGAN_000035,attack,boolean,127,65,14,41,0,1,12,2,0,2,2,0,0,0,0,0,0,3,0,0,0,0,1,16,0.15948402881622314,0.36059075593948364,0.11828537285327911,4.142512798309326,32,2.8639469146728516,14,4,0,0,0,2,1,2,0,0,R000010,5.962329208457765
CTGAN_000036,attack,boolean,143,74,9,39,5,0,5,2,0,2,2,0,1,0,3,0,0,0,4,0,0,1,1,18,0.0749712586402893,0.48280560970306396,0.12043525278568268,4.163418769836426,27,2.827937364578247,6,4,0,3,0,0,3,2,1,0,R000044,7.669609618319501
CTGAN_000037,attack,boolean,139,79,8,40,4,0,9,1,0,1,0,0,0,0,0,0,0,1,1,0,0,0,1,29,0.0900336280465126,0.44092658162117004,0.14654678106307983,4.251534461975098,35,2.4794564247131348,14,4,0,3,1,0,0,1,0,0,R000014,6.535811936987752
CTGAN_000038,attack,boolean,142,72,16,43,4,0,9,4,0,2,1,0,0,0,0,0,0,0,0,0,0,1,1,16,0.07519051432609558,0.41204744577407837,0.1427529752254486,4.375500679016113,34,1.965702772140503,9,3,0,0,0,0,0,3,0,0,R000255,5.285325202377625
CTGAN_000039,attack,boolean,134,90,8,34,0,0,9,1,1,1,0,0,0,0,0,0,0,2,0,0,0,0,1,22,0.08615677803754807,0.3002123236656189,0.16198313236236572,4.207815170288086,35,2.74733829498291,8,2,0,2,1,0,0,2,0,1,R000226,6.475342774188122
CTGAN_000040,attack,boolean,138,37,8,34,0,0,9,2,1,2,2,0,2,0,3,0,0,0,0,0,0,1,1,21,0.1078144833445549,0.3350070118904114,0.21288616955280304,4.031414031982422,41,2.2317750453948975,11,3,0,0,0,0,1,3,0,0,R000255,7.115411673077603
CTGAN_000041,attack,boolean,136,84,16,40,9,0,5,4,0,2,0,0,2,0,0,0,0,0,0,0,0,0,1,17,0.13389670848846436,0.46449607610702515,0.09654203057289124,4.141321182250977,36,2.65604305267334,7,3,0,0,0,0,0,2,0,0,R000307,6.354492522218309
CTGAN_000042,attack,boolean,135,57,8,46,0,0,6,1,0,2,0,0,0,0,0,0,0,1,0,0,0,1,0,19,0.0688454881310463,0.273245632648468,0.12639743089675903,3.9734928607940674,28,1.7500468492507935,10,3,2,0,0,0,0,3,0,0,R000056,6.135993511486916
CTGAN_000043,attack,boolean,136,82,13,35,4,1,9,1,0,2,2,0,3,0,2,0,0,0,0,0,0,1,1,15,0.14779317378997803,0.41923779249191284,0.15813235938549042,4.433791637420654,26,3.221096992492676,17,3,0,0,1,0,1,0,0,0,R000182,6.473653740155977
CTGAN_000044,attack,boolean,135,102,25,45,4,0,13,2,2,1,2,0,2,0,0,0,0,2,0,0,0,1,0,19,0.10903894156217575,0.34756186604499817,0.1477920114994049,4.2860822677612305,29,2.0905935764312744,9,3,0,0,0,1,0,3,0,0,R000107,7.656707916934883
CTGAN_000045,attack,boolean,135,75,13,46,1,0,12,1,0,2,0,0,1,4,0,0,0,3,0,0,0,0,1,28,0.07511396706104279,0.2560664117336273,0.1241142675280571,4.0200514793396,38,2.609506845474243,7,2,1,1,0,1,1,0,0,0,R000226,6.891427467920823
CTGAN_000046,attack,boolean,138,80,26,34,0,1,8,2,2,2,2,0,1,0,0,1,0,2,2,0,0,0,0,17,0.05728661268949509,0.2568661570549011,0.14756149053573608,4.214519023895264,40,2.4270079135894775,7,2,2,0,0,2,1,1,0,0,R000302,6.799570542736934
CTGAN_000047,attack,boolean,138,33,10,38,0,2,8,4,1,2,0,0,0,0,0,0,0,1,0,0,0,1,1,24,0.11462662369012833,0.2624192237854004,0.13957782089710236,3.9159462451934814,30,2.7005608081817627,7,3,0,2,0,1,1,0,2,0,R000040,5.998709024610777
CTGAN_000048,attack,boolean,133,50,10,61,4,0,9,4,0,2,2,0,2,0,1,1,0,1,0,0,0,1,0,18,0.1924891173839569,0.2674065828323364,0.1920299232006073,2.7782235145568848,35,2.153751850128174,5,4,2,1,0,2,1,0,0,0,R000092,7.984862497828375
CTGAN_000049,attack,boolean,141,71,19,38,0,0,8,4,0,2,2,0,1,0,2,0,0,0,0,0,0,1,0,22,0.0643770694732666,0.3148549795150757,0.20898309350013733,4.2896294593811035,33,2.829281806945801,17,3,0,0,1,0,0,0,0,0,R000213,6.359864429907495
CTGAN_000050,attack,boolean,137,87,0,43,1,4,11,1,2,2,0,1,1,0,0,0,0,0,0,0,0,0,0,17,0.14415234327316284,0.2746272087097168,0.13349416851997375,3.7271902561187744,35,3.1122186183929443,15,3,0,0,0,0,0,1,0,0,R000042,6.153373463503639
CTGAN_000051,attack,boolean,139,70,14,38,5,0,15,4,0,2,0,0,0,0,0,2,0,1,3,0,0,0,1,20,0.06406491994857788,0.3029521405696869,0.13197888433933258,4.0252766609191895,33,2.5003316402435303,8,2,1,0,0,1,2,3,0,0,R000046,6.981237115553408
CTGAN_000052,attack,boolean,130,53,18,47,3,0,5,2,0,2,2,0,0,0,0,2,0,0,0,0,0,0,0,17,0.06300730258226395,0.4584614038467407,0.16883035004138947,3.609816074371338,28,2.6367413997650146,9,3,0,0,0,0,2,2,1,0,R000092,5.953757995543436
CTGAN_000053,attack,boolean,141,84,8,45,0,0,10,1,2,2,0,0,0,0,0,1,0,1,0,0,1,1,1,23,0.1289399415254593,0.27258244156837463,0.1880461871623993,4.372348308563232,35,2.80592942237854,9,2,1,0,0,0,0,0,1,0,R000081,7.451922723612824
CTGAN_000054,attack,boolean,137,100,15,47,1,0,5,1,0,2,2,0,0,0,0,1,0,0,0,0,0,1,0,17,0.04255305975675583,0.43779295682907104,0.1274653673171997,3.996964454650879,29,2.747556209564209,7,3,0,1,0,0,0,3,0,0,R000167,5.50655773792828
CTGAN_000055,attack,boolean,137,74,10,47,2,5,9,3,0,1,2,0,2,0,0,2,0,0,0,0,0,1,1,20,0.05644718185067177,0.24239595234394073,0.12370804697275162,4.4763383865356445,26,2.0591609477996826,17,3,0,1,0,0,1,0,0,0,R000045,6.59384645693755
CTGAN_000056,attack,boolean,144,67,17,52,1,0,4,1,2,2,0,0,2,6,0,2,0,2,2,0,0,1,0,24,0.05878564715385437,0.31296205520629883,0.1519189476966858,4.029091835021973,33,2.58931827545166,9,3,1,0,0,3,0,0,0,1,R000031,7.170828669583904
CTGAN_000057,attack,boolean,138,36,6,59,4,0,14,4,0,2,2,0,3,8,3,0,0,0,0,0,0,1,1,17,0.050404004752635956,0.2549523711204529,0.1557207852602005,4.034470558166504,38,3.1399741172790527,10,2,0,3,2,0,0,1,0,1,R000201,8.884890393132235
CTGAN_000058,attack,boolean,136,64,7,45,3,0,12,4,0,1,2,0,2,5,1,0,0,1,0,0,0,0,0,12,0.09303093701601028,0.29034188389778137,0.18981733918190002,3.924372434616089,31,2.7109198570251465,9,3,0,2,0,1,0,1,0,0,R000226,6.707226947194793
CTGAN_000059,attack,boolean,141,77,19,80,0,0,6,3,0,2,0,0,1,0,0,0,0,0,6,0,0,0,0,23,0.07863650470972061,0.2484707534313202,0.13190513849258423,3.482621669769287,41,2.925896167755127,14,2,2,0,0,0,1,2,0,0,R000213,7.579634147442553
CTGAN_000060,attack,boolean,140,53,8,32,3,0,3,3,0,1,0,1,0,0,1,1,0,0,0,0,0,0,0,19,0.11691676825284958,0.35836300253868103,0.12739858031272888,4.1526312828063965,42,2.839763641357422,10,3,0,1,1,0,1,0,0,0,R000084,5.7433242018538095
CTGAN_000061,attack,boolean,137,51,9,36,7,0,11,5,0,1,0,0,0,0,0,0,0,0,0,0,0,1,1,15,0.0460086390376091,0.3065229058265686,0.1270913928747177,4.128252029418945,36,2.4038970470428467,7,3,0,0,0,0,1,0,0,0,R000084,4.96019512232453
CTGAN_000062,attack,boolean,143,84,23,42,0,0,10,4,1,2,0,0,0,0,0,0,0,0,0,0,2,0,1,16,0.12221217155456543,0.4985767900943756,0.13533417880535126,4.037888050079346,38,2.9132070541381836,10,3,2,0,0,0,0,0,0,1,R000280,7.427363145968895
CTGAN_000063,attack,boolean,141,52,7,46,4,0,9,2,1,2,0,0,0,0,0,0,0,0,3,0,0,1,0,19,0.06979884207248688,0.2551247179508209,0.13693717122077942,3.7821202278137207,30,2.221534252166748,6,4,1,2,0,0,0,0,2,0,R000150,5.429947615549292
CTGAN_000064,attack,boolean,127,79,11,43,0,0,6,3,3,1,2,0,0,0,0,1,0,0,0,0,0,1,1,19,0.055589333176612854,0.29673174023628235,0.1412731260061264,4.157286167144775,34,2.9239203929901123,7,2,2,0,0,1,1,1,0,0,R000281,4.736430599669035
CTGAN_000065,attack,boolean,137,51,16,53,0,0,13,3,0,2,0,0,1,0,0,3,0,1,0,0,0,1,0,15,0.028628669679164886,0.33420252799987793,0.15977101027965546,4.429427146911621,34,2.2078185081481934,10,4,1,0,0,0,2,0,1,0,R000173,5.906483084698365
CTGAN_000066,attack,boolean,138,60,15,51,0,4,5,1,3,2,0,0,3,0,2,0,0,1,0,0,0,1,0,19,0.12874607741832733,0.2874208390712738,0.12598955631256104,4.242943286895752,31,2.2922677993774414,8,3,0,2,0,2,0,0,0,0,R000139,6.8085838034440105
CTGAN_000067,attack,boolean,140,85,1,74,0,1,14,0,1,2,0,0,3,0,2,0,0,0,0,0,0,1,1,20,0.061644233763217926,0.27859580516815186,0.11937835812568665,3.7816684246063232,31,2.3489956855773926,16,4,1,0,1,1,0,0,0,0,R000294,7.2117649136458155
CTGAN_000068,attack,boolean,140,37,12,42,0,1,7,1,0,1,2,0,1,8,0,0,0,0,0,0,0,0,1,25,0.06638138741254807,0.3369952440261841,0.13444873690605164,3.114182710647583,39,3.0807223320007324,16,2,0,0,2,1,0,0,2,0,R000223,7.122544737833427
CTGAN_000069,attack,boolean,135,48,15,46,5,1,10,1,2,1,0,0,1,0,0,0,0,2,0,0,0,0,0,18,0.03439848870038986,0.29746124148368835,0.12960335612297058,3.9579501152038574,35,3.0829813480377197,16,3,0,0,0,0,1,2,0,1,R000242,5.682120856409727
CTGAN_000070,attack,boolean,135,46,0,46,0,0,6,2,0,1,0,0,0,0,1,0,0,0,0,0,0,0,0,17,0.09264033287763596,0.28658413887023926,0.14090512692928314,3.774003267288208,32,3.370755672454834,17,3,2,1,0,0,2,2,0,1,R000242,6.238711674009833
CTGAN_000071,attack,boolean,136,48,10,40,2,1,3,1,2,2,0,0,0,0,0,0,0,0,0,0,0,0,1,20,0.08986138552427292,0.23362696170806885,0.20206502079963684,4.026779651641846,32,2.236487865447998,8,3,0,0,0,0,0,2,1,0,R000086,6.322547207837431
CTGAN_000072,attack,boolean,129,86,15,34,0,0,6,4,0,1,2,0,1,7,0,1,0,0,0,0,0,1,1,21,0.08251677453517914,0.4822099804878235,0.20635494589805603,4.2391357421875,35,2.657888889312744,8,4,0,0,0,0,2,0,0,0,R000250,6.45951198133435
CTGAN_000073,attack,boolean,141,51,2,64,0,0,9,3,0,0,2,0,1,0,0,0,0,0,0,0,0,0,0,19,0.034500882029533386,0.254985511302948,0.11139872670173645,3.7901809215545654,30,2.4259161949157715,9,3,1,0,0,0,0,0,0,0,R000136,5.057566482044151
CTGAN_000074,attack,boolean,135,68,11,38,12,1,7,5,0,0,2,0,1,0,0,0,0,0,0,0,0,0,1,19,0.025735588744282722,0.3043042719364166,0.2337915003299713,4.563913822174072,34,2.6928913593292236,6,3,2,1,1,1,0,3,1,0,R000291,9.193543920199577
CTGAN_000075,attack,boolean,138,83,8,37,3,0,6,1,0,2,2,0,1,0,1,0,0,1,0,0,0,1,0,18,0.08895540237426758,0.3450304865837097,0.18958725035190582,4.362907409667969,33,2.6503751277923584,15,4,1,2,0,0,1,0,0,0,R000075,5.842212048499859
CTGAN_000076,attack,boolean,141,56,11,60,4,0,12,2,0,2,2,0,0,0,0,0,0,1,6,0,0,0,1,25,0.10457070916891098,0.4285982549190521,0.14611244201660156,4.057304382324219,32,2.5896642208099365,7,1,2,0,0,0,2,2,0,0,R000213,6.55661555152652
CTGAN_000077,attack,boolean,139,92,12,49,3,1,8,1,0,2,2,0,0,0,0,0,0,0,6,0,0,0,0,15,0.08418485522270203,0.3063095211982727,0.14735040068626404,3.7947845458984375,29,2.5071020126342773,9,4,0,1,0,0,2,0,0,0,R000079,5.864432953688805
CTGAN_000078,attack,boolean,140,43,6,37,0,0,4,2,2,1,2,0,1,6,0,0,0,0,3,0,0,1,0,21,0.1330808401107788,0.4299376308917999,0.14729219675064087,3.909538507461548,29,2.781026840209961,14,6,0,1,0,0,1,1,1,0,R000043,6.226046461370496
CTGAN_000079,attack,boolean,138,83,26,38,5,0,4,4,1,2,0,1,3,0,0,0,0,0,0,0,0,1,1,17,0.0736313909292221,0.3004756569862366,0.14803467690944672,4.09443998336792,33,2.760866641998291,9,4,1,1,0,2,0,0,0,0,R000028,6.823263826522148
CTGAN_000080,attack,boolean,135,49,10,46,5,0,5,2,1,2,0,0,3,0,0,0,0,0,0,0,1,1,1,19,0.12309366464614868,0.27132806181907654,0.16204571723937988,4.278481960296631,27,2.7362349033355713,9,4,1,1,0,1,1,3,1,0,R000238,6.736554865080329
CTGAN_000081,attack,boolean,141,56,15,58,0,1,3,1,1,2,0,0,0,6,0,0,0,0,0,0,0,0,1,20,0.0940283015370369,0.2837691009044647,0.2307627648115158,3.9590003490448,30,3.261516809463501,8,2,0,0,1,0,1,3,0,0,R000113,8.06220576872572
CTGAN_000082,attack,boolean,137,85,24,46,5,0,6,5,2,1,2,1,0,0,0,0,0,1,0,0,0,1,0,20,0.17027899622917175,0.3259718716144562,0.11634644865989685,3.976229667663574,31,2.9485890865325928,16,3,0,2,1,0,1,0,1,0,R000286,7.299305427194947
CTGAN_000083,attack,boolean,135,42,16,40,0,1,4,3,2,1,0,0,2,0,2,0,0,0,0,0,0,1,0,27,0.005113903433084488,0.2621849477291107,0.1558448225259781,4.054398536682129,31,2.2329812049865723,8,3,0,0,0,0,0,2,0,1,R000258,6.971597052743729
CTGAN_000084,attack,boolean,135,40,6,32,0,0,8,2,0,1,0,0,1,0,2,0,0,0,0,0,0,1,0,17,0.09498178213834763,0.2775982916355133,0.17750190198421478,4.064393520355225,33,2.6932120323181152,6,7,0,2,0,0,0,3,2,0,R000307,7.424710403673229
CTGAN_000085,attack,boolean,139,74,18,54,1,0,4,1,2,2,2,0,2,0,0,0,0,0,0,0,2,0,0,21,0.12443570792675018,0.2975315749645233,0.1331205666065216,3.66743540763855,36,2.9828240871429443,9,3,0,1,1,0,1,0,1,0,R000280,6.510652125745816
CTGAN_000086,attack,boolean,136,65,21,44,4,5,4,5,0,1,0,0,0,6,0,0,0,0,0,0,0,0,0,18,0.07539838552474976,0.24774394929409027,0.14212237298488617,4.0564985275268555,31,2.513939619064331,8,4,0,0,1,0,1,1,0,0,R000024,5.600038291400382
CTGAN_000087,attack,boolean,136,71,8,87,3,0,4,2,0,0,2,0,0,0,0,0,0,1,0,0,0,0,1,17,0.17023058235645294,0.29563194513320923,0.13553589582443237,3.8922061920166016,29,2.246415376663208,10,2,0,0,0,0,2,3,1,0,R000226,7.473021740543172
CTGAN_000088,attack,boolean,139,69,15,46,2,2,5,3,0,2,2,0,3,0,0,0,0,2,2,0,0,0,1,30,0.1001458391547203,0.2757149636745453,0.1337764412164688,3.805816173553467,41,2.438430070877075,8,2,1,2,0,0,1,1,0,1,R000128,7.361595062112567
CTGAN_000089,attack,boolean,136,38,24,49,0,0,4,1,0,2,0,0,0,0,0,2,0,0,0,0,0,0,0,15,0.17140519618988037,0.25230672955513,0.1362244039773941,4.279339790344238,34,2.524085283279419,9,4,0,0,2,0,0,0,1,0,R000064,5.937342320689335
CTGAN_000090,attack,boolean,136,67,15,68,3,0,6,3,0,1,2,0,3,0,0,0,0,0,3,0,0,1,1,19,0.06754012405872345,0.5354512929916382,0.19250088930130005,3.8220067024230957,40,2.5930066108703613,10,2,0,1,0,0,0,0,1,0,R000213,6.313137155924686
CTGAN_000091,attack,boolean,137,48,16,50,5,2,4,3,0,2,0,0,2,0,0,0,0,2,2,0,0,1,0,21,0.06761794537305832,0.3146320581436157,0.14455412328243256,4.1583757400512695,40,2.425220489501953,7,6,0,2,2,1,0,2,0,0,R000307,6.45013723384904
CTGAN_000092,attack,boolean,132,78,8,58,0,0,11,1,0,2,2,0,0,0,0,0,0,0,0,0,0,0,1,18,0.0629330649971962,0.2858533263206482,0.11921868473291397,4.111360549926758,30,2.631214141845703,10,4,0,1,0,0,1,1,0,0,R000237,4.530376847264583
CTGAN_000093,attack,boolean,139,66,21,34,4,3,5,1,0,2,0,0,0,0,2,1,0,0,0,0,0,0,1,18,0.11200390756130219,0.282643586397171,0.15320844948291779,3.978402614593506,30,3.1328306198120117,9,3,1,0,0,0,2,0,1,1,R000086,6.691797156182417
CTGAN_000094,attack,boolean,129,70,10,38,0,0,5,1,1,2,2,1,2,0,2,1,0,0,0,0,0,1,0,30,0.03713744878768921,0.3244079053401947,0.12747013568878174,4.1117706298828125,43,2.736110210418701,8,2,0,0,0,0,1,0,1,0,R000023,7.087267112562423
CTGAN_000095,attack,boolean,131,58,13,40,4,0,3,4,0,1,0,1,3,0,0,0,0,1,0,0,0,1,0,19,0.1330275684595108,0.5404878258705139,0.1351706087589264,4.094989776611328,35,2.654038667678833,9,3,0,0,0,3,1,0,0,0,R000056,7.248216968938351
CTGAN_000096,attack,boolean,138,75,8,59,1,2,5,4,1,1,2,0,0,3,0,0,0,0,0,0,0,1,0,32,0.09998229146003723,0.2943914234638214,0.14520493149757385,4.436520576477051,36,2.5926809310913086,18,3,1,0,1,0,0,3,0,0,R000128,7.101298564675178
CTGAN_000097,attack,boolean,134,50,11,52,0,1,9,1,0,2,0,0,0,0,0,0,0,0,0,0,0,1,0,16,0.05262931436300278,0.35701876878738403,0.11972196400165558,3.2194783687591553,38,1.9986194372177124,7,3,0,0,0,0,3,3,0,1,R000235,6.259306891231291
CTGAN_000098,attack,boolean,136,75,18,46,1,1,10,4,0,2,0,0,0,6,0,0,0,0,0,0,0,0,0,21,0.11726147681474686,0.3129979968070984,0.10938508808612823,4.493790149688721,36,2.2810940742492676,16,4,0,0,0,0,0,0,0,1,R000014,5.521075382227799
CTGAN_000099,attack,boolean,137,50,9,42,0,0,7,4,0,2,0,0,1,0,1,0,0,2,0,0,0,1,0,20,0.07175760716199875,0.28206610679626465,0.14916422963142395,3.8000454902648926,38,2.814643144607544,16,3,0,0,0,0,2,0,1,0,R000156,5.414545982631213
CTGAN_000100,attack,boolean,136,88,12,44,1,1,5,2,1,1,1,0,2,4,0,0,0,1,0,0,0,1,0,15,0.08546629548072815,0.45351535081863403,0.1753358095884323,3.793250799179077,35,2.669506311416626,7,3,0,2,0,0,0,0,0,0,R000145,5.490750642917711
CTGAN_000101,attack,boolean,135,77,9,43,1,1,8,1,3,1,2,0,0,0,0,2,0,0,2,0,0,1,0,19,0.06260645389556885,0.21635913848876953,0.12274989485740662,4.352682113647461,34,3.0361244678497314,10,3,0,0,0,0,1,3,0,0,R000181,5.7892905587476315
CTGAN_000102,attack,boolean,132,82,8,79,0,0,13,3,0,2,1,1,1,0,2,0,0,0,0,0,2,0,1,18,0.030648622661828995,0.2957557141780853,0.12093247473239899,4.261955261230469,29,2.416200876235962,10,3,2,2,0,1,0,0,1,0,R000280,9.279102816267601
CTGAN_000103,attack,boolean,135,54,11,47,4,5,6,1,0,1,0,0,1,0,1,0,0,0,0,0,0,1,1,18,0.04167402535676956,0.4569161534309387,0.15005160868167877,4.1324357986450195,27,2.4398677349090576,7,4,0,0,2,0,0,0,0,0,R000080,5.689698523958031
CTGAN_000104,attack,boolean,128,68,24,51,5,0,7,4,0,2,2,1,0,0,0,0,0,0,0,0,0,0,0,21,0.08511951565742493,0.29014095664024353,0.13144102692604065,3.7988674640655518,29,2.6875855922698975,10,3,0,0,1,0,0,0,0,0,R000244,5.202912126219358
CTGAN_000105,attack,boolean,137,80,9,52,2,3,7,4,1,2,0,0,1,0,0,0,0,2,7,0,0,0,0,14,0.12096847593784332,0.45050734281539917,0.15156875550746918,3.838545799255371,37,2.653578758239746,7,1,2,0,0,0,1,2,0,0,R000114,7.09071903623076
CTGAN_000106,attack,boolean,134,63,6,42,0,2,6,1,1,2,2,1,1,4,3,0,0,1,0,0,0,1,1,18,0.10734747350215912,0.3460084795951843,0.13839158415794373,3.927690267562866,27,2.5886404514312744,8,2,0,3,1,0,2,2,2,0,R000145,7.760927040449173
CTGAN_000107,attack,boolean,136,80,17,40,0,0,5,2,0,2,0,0,0,0,0,0,0,0,0,0,0,0,1,19,0.08436665683984756,0.2568221390247345,0.1361694037914276,3.668870687484741,32,2.2202959060668945,15,3,0,0,0,1,2,3,0,0,R000054,6.254099472870076
CTGAN_000108,attack,boolean,133,79,11,53,2,0,7,3,2,2,0,1,0,0,0,0,0,0,4,0,0,1,0,18,0.11556752026081085,0.24698790907859802,0.13757839798927307,3.396365165710449,26,2.141202926635742,9,4,1,0,0,0,0,0,0,1,R000208,7.116331646916476
CTGAN_000109,attack,boolean,139,56,9,66,0,1,14,2,0,2,2,0,0,0,0,0,0,2,0,0,0,1,0,18,0.09688759595155716,0.4800654351711273,0.15233688056468964,4.422581195831299,34,2.5889854431152344,11,2,0,3,2,0,3,1,0,0,R000145,7.656173434994593
CTGAN_000110,attack,boolean,139,47,6,61,0,0,10,1,0,1,0,0,0,0,0,0,0,0,1,0,0,1,0,20,0.08240173012018204,0.2889673411846161,0.1421443670988083,4.382445812225342,29,2.554701089859009,9,3,0,2,0,0,1,0,0,0,R000137,5.296665465016993
CTGAN_000111,attack,boolean,143,35,18,45,0,3,8,1,0,1,0,0,0,0,2,0,0,0,0,0,0,0,0,24,0.009964743629097939,0.25009268522262573,0.11709804087877274,4.085789203643799,39,1.9233379364013672,14,4,0,2,0,0,0,2,3,0,R000304,7.583494924941175
CTGAN_000112,attack,boolean,140,49,0,45,5,0,12,5,2,2,0,0,0,5,0,0,0,1,7,0,0,0,1,22,0.09580708295106888,0.31654298305511475,0.1457601934671402,4.091978549957275,29,2.7049529552459717,14,4,0,1,0,0,1,0,0,0,R000213,6.643537344382271
CTGAN_000113,attack,boolean,141,47,0,45,0,0,4,1,1,2,1,0,1,0,3,0,0,0,2,0,0,0,0,19,0.06288272142410278,0.27721065282821655,0.14855802059173584,3.906050443649292,39,2.4905269145965576,8,3,0,1,0,0,0,0,0,0,R000150,5.978413752930485
CTGAN_000114,attack,boolean,136,51,22,58,3,0,6,2,2,1,2,0,1,0,0,0,0,0,0,0,0,0,1,17,0.05190492048859596,0.36714425683021545,0.18949835002422333,4.281386375427246,38,2.724112033843994,11,4,2,1,0,0,0,3,0,0,R000107,6.7824059584517515
CTGAN_000115,attack,boolean,130,47,12,53,1,0,5,2,0,1,2,0,2,3,0,0,0,1,1,0,0,0,1,20,0.06573746353387833,0.30047085881233215,0.0989222303032875,3.8630101680755615,34,2.4514169692993164,10,1,0,0,0,0,2,0,1,0,R000091,5.320238597518393
CTGAN_000116,attack,boolean,140,49,8,87,2,0,3,3,2,0,0,0,2,0,0,0,0,0,0,0,0,1,0,16,0.15689566731452942,0.24632199108600616,0.12646524608135223,4.065949440002441,36,2.395493507385254,11,4,0,0,2,0,0,1,0,0,R000073,7.094395829453821
CTGAN_000117,attack,boolean,132,51,6,31,6,0,4,3,0,1,0,0,0,0,0,0,0,1,0,0,0,1,0,18,0.18963316082954407,0.30398252606391907,0.1203523650765419,3.845817804336548,37,2.435602903366089,6,2,1,0,0,0,1,2,0,1,R000056,6.065269628977784
CTGAN_000118,attack,boolean,135,73,7,59,0,3,10,0,0,2,0,0,2,0,0,0,0,0,1,0,0,1,1,19,0.06518381834030151,0.3132842481136322,0.1434522271156311,4.06794548034668,33,2.622678756713867,6,3,0,1,0,0,1,0,1,0,R000145,4.917844436453534
CTGAN_000119,attack,boolean,135,74,11,40,2,1,6,5,1,2,0,0,1,7,0,0,0,1,0,0,0,0,1,20,0.12090978771448135,0.2708851397037506,0.12356080859899521,3.9690444469451904,29,2.7088043689727783,15,3,1,1,0,0,0,1,0,0,R000073,6.680052401357271
CTGAN_000120,attack,boolean,135,56,10,87,0,1,3,1,1,2,0,0,0,0,0,1,0,0,0,0,0,0,1,14,0.11835000663995743,0.2975873351097107,0.14709874987602234,3.3650317192077637,37,2.608743906021118,9,4,0,0,1,0,0,2,0,0,R000018,6.9149627015889275
CTGAN_000121,attack,boolean,136,57,0,50,0,0,6,0,0,2,2,0,0,0,2,1,0,0,0,0,0,0,0,22,0.06092844158411026,0.29044628143310547,0.1762140691280365,3.4228296279907227,35,2.7214419841766357,6,3,0,3,2,0,2,2,0,1,R000015,7.580111559008039
CTGAN_000122,attack,boolean,136,41,25,56,2,0,12,1,0,2,2,0,0,0,1,0,0,1,0,0,0,1,0,21,0.10753028094768524,0.23418302834033966,0.1206870749592781,3.5060031414031982,35,2.5773391723632812,7,4,0,0,0,0,2,0,0,0,R000131,5.800319739307864
CTGAN_000123,attack,boolean,138,75,12,57,1,1,5,1,0,1,2,0,0,0,0,1,0,0,6,0,0,1,1,19,0.0688600242137909,0.33219683170318604,0.11041891574859619,4.115265846252441,33,2.7156200408935547,13,1,0,0,0,0,0,2,0,0,R000186,5.017321045439644
CTGAN_000124,attack,boolean,140,51,19,36,0,1,8,4,0,1,2,0,0,0,1,0,0,0,0,0,0,1,0,21,0.047598857432603836,0.35394614934921265,0.1259831041097641,3.968362331390381,30,2.9975147247314453,9,3,0,0,0,0,1,0,2,0,R000295,4.893716177026479
CTGAN_000125,attack,boolean,133,75,14,64,3,0,10,2,1,2,0,0,0,0,0,0,0,0,0,0,0,1,0,20,0.1069645807147026,0.2982664406299591,0.13622550666332245,3.8832902908325195,31,2.876384973526001,15,4,0,0,0,1,0,2,0,1,R000294,5.153194565053681
CTGAN_000126,attack,boolean,133,33,12,35,3,0,6,2,0,0,0,0,2,5,1,0,0,1,0,0,0,0,0,19,0.12483185529708862,0.49950742721557617,0.15606507658958435,3.528844118118286,37,2.5283596515655518,9,3,2,0,0,0,2,1,1,0,R000184,7.116463567406141
CTGAN_000127,attack,boolean,142,54,13,40,4,1,4,1,1,1,2,0,1,0,0,3,0,1,0,0,0,0,1,20,0.08137278258800507,0.2812722325325012,0.22152332961559296,3.720242977142334,26,2.50531005859375,10,3,0,0,0,0,0,0,2,0,R000303,7.220710081950493
CTGAN_000128,attack,boolean,144,80,11,66,4,1,8,1,0,0,0,0,2,0,0,0,0,0,0,0,0,0,0,17,0.06702206283807755,0.2672407329082489,0.1472172737121582,3.863773822784424,33,3.039990186691284,8,4,1,0,0,0,0,1,1,0,R000273,5.9833581939555245
CTGAN_000129,attack,boolean,132,64,11,41,0,0,9,2,0,1,0,0,2,0,0,0,0,0,0,0,0,0,1,18,0.157856747508049,0.3076050877571106,0.1035907194018364,4.053542137145996,28,2.61492657661438,16,3,2,0,0,2,0,0,0,0,R000241,5.981445485301388
CTGAN_000130,attack,boolean,137,54,9,46,4,0,7,1,0,2,2,0,2,7,1,0,0,0,1,0,0,1,0,20,0.11369084566831589,0.27884334325790405,0.17461378872394562,4.122429370880127,41,2.586052894592285,8,4,0,2,0,0,1,0,0,0,R000072,5.508683022272245
CTGAN_000131,attack,boolean,139,39,8,38,0,0,3,2,2,2,2,0,3,2,0,0,0,1,1,0,0,0,1,12,0.03768990933895111,0.3241049349308014,0.12878483533859253,4.221060276031494,28,2.67179012298584,9,3,0,0,1,0,0,0,0,0,R000199,6.002590463399612
CTGAN_000132,attack,boolean,137,37,24,53,1,0,8,3,0,1,0,0,0,7,1,1,0,1,0,0,0,1,1,18,0.12802161276340485,0.25046390295028687,0.1549416482448578,3.441526174545288,38,2.590733051300049,7,2,0,0,1,0,3,3,2,0,R000015,7.956833826485005
CTGAN_000133,attack,boolean,140,73,5,60,5,0,9,2,0,2,0,0,0,0,0,2,0,0,5,0,0,1,1,20,0.06637194007635117,0.2444009780883789,0.12417048215866089,4.134779453277588,41,2.5270047187805176,6,4,1,1,0,2,0,0,0,0,R000031,4.9546703732471284
CTGAN_000134,attack,boolean,137,71,23,58,9,0,10,1,1,1,1,0,2,0,0,1,0,0,0,0,0,0,0,17,0.06007666140794754,0.3366440534591675,0.2064204216003418,3.7764761447906494,34,2.497575044631958,8,3,1,0,1,0,0,1,0,0,R000048,6.435492357296469
CTGAN_000135,attack,boolean,138,64,16,31,5,0,5,1,1,2,2,0,0,0,0,0,0,0,2,0,0,0,0,22,0.08203838020563126,0.3029932379722595,0.11438531428575516,4.376251220703125,40,2.1441988945007324,7,3,1,1,1,0,0,1,0,1,R000283,5.209273854436872
CTGAN_000136,attack,boolean,134,41,4,38,5,0,4,4,3,2,2,0,1,0,0,0,0,2,1,0,0,1,0,17,0.0663517564535141,0.45653438568115234,0.14764192700386047,3.898350954055786,41,3.5250003337860107,9,4,0,1,1,0,1,0,0,0,R000150,6.928230356993136
CTGAN_000137,attack,boolean,139,43,8,38,2,0,5,2,1,1,0,0,2,0,1,0,0,0,6,0,0,1,1,23,0.1355738341808319,0.415416955947876,0.13073648512363434,3.9750547409057617,38,2.8343443870544434,10,4,0,1,0,0,0,0,0,0,R000213,5.156915582788751
CTGAN_000138,attack,boolean,133,73,9,63,9,0,10,2,1,0,2,0,0,0,0,1,0,0,1,0,0,0,1,14,0.1145823746919632,0.24217869341373444,0.14628680050373077,4.269043922424316,34,2.2387895584106445,10,3,0,0,0,1,0,2,0,0,R000270,6.597091625600219
CTGAN_000139,attack,boolean,141,77,15,36,0,0,8,1,0,1,0,0,0,0,1,0,0,0,0,0,0,1,0,23,0.07774627208709717,0.3298012912273407,0.14561337232589722,2.879556655883789,37,2.5608534812927246,7,3,2,0,2,0,0,3,0,0,R000273,6.817995597663235
CTGAN_000140,attack,boolean,140,61,19,78,5,0,9,3,0,1,2,0,1,0,1,0,0,0,2,0,0,0,1,16,0.07520147413015366,0.30105507373809814,0.10916092991828918,3.8931164741516113,37,3.245347261428833,9,4,1,3,0,0,0,0,0,0,R000273,6.532288244195161
CTGAN_000141,attack,boolean,139,77,5,59,3,0,8,2,1,1,2,0,0,0,0,3,0,0,0,0,0,0,0,21,0.09663578867912292,0.23342496156692505,0.13540497422218323,3.8705570697784424,33,2.640467405319214,6,3,0,0,0,0,0,2,0,0,R000031,5.3850413170268965
CTGAN_000142,attack,boolean,128,31,8,46,2,0,6,2,0,2,0,0,0,0,0,0,0,0,5,0,0,0,1,22,0.061396777629852295,0.3782699406147003,0.0975455790758133,4.225606918334961,37,2.637929916381836,9,3,0,1,0,0,0,0,0,0,R000091,5.749850971588062
CTGAN_000143,attack,boolean,135,77,22,43,0,0,9,1,1,1,0,0,2,0,0,0,0,0,0,0,0,1,1,20,0.08632154017686844,0.3095875680446625,0.10040133446455002,3.8183276653289795,37,2.212493896484375,15,3,1,1,0,1,0,0,0,0,R000073,5.513435994865549
CTGAN_000144,attack,boolean,135,78,19,50,0,0,8,2,0,1,2,0,0,0,0,0,0,0,2,0,0,1,0,20,0.05272533372044563,0.4889574646949768,0.13071978092193604,3.7083256244659424,29,2.7037370204925537,6,3,1,0,0,0,2,2,0,1,R000013,5.853182479940322
CTGAN_000145,attack,boolean,142,67,15,47,0,0,4,5,1,2,0,0,1,0,0,0,0,0,0,0,0,1,1,23,0.11301912367343903,0.294335275888443,0.1360778659582138,4.0670552253723145,36,2.442920207977295,15,5,0,1,0,2,2,0,0,1,R000255,6.442057699959251
CTGAN_000146,attack,boolean,140,35,14,47,0,0,12,0,0,1,0,0,3,0,0,0,0,2,0,0,0,1,0,16,0.06417839974164963,0.38709840178489685,0.1266934722661972,4.567786693572998,32,2.9374935626983643,13,3,1,2,0,1,0,2,2,0,R000137,7.16698476134595
CTGAN_000147,attack,boolean,137,23,7,39,0,0,10,0,0,2,2,0,2,0,1,0,0,0,0,0,1,1,0,16,0.0632096603512764,0.262370228767395,0.14217260479927063,4.049500465393066,39,2.605504035949707,11,4,0,1,1,0,0,1,0,0,R000238,6.572572853954565
CTGAN_000148,attack,boolean,140,75,19,36,1,1,6,4,1,1,2,0,0,7,1,2,0,0,0,0,0,1,0,15,0.14114972949028015,0.251729279756546,0.11609972268342972,3.645951271057129,31,2.271258592605591,10,3,0,2,0,0,1,0,0,0,R000045,6.474621398379226
CTGAN_000149,attack,boolean,137,49,13,42,0,1,5,0,0,2,2,0,3,0,2,0,0,0,0,0,0,1,0,19,0.04571615904569626,0.2625046670436859,0.15739144384860992,3.4962117671966553,28,1.744685411453247,10,4,0,3,1,0,0,3,0,0,R000145,7.918381601784643
CTGAN_000150,attack,boolean,134,90,11,53,0,4,7,3,1,1,2,0,2,0,0,0,0,0,0,0,0,1,1,20,0.05758866295218468,0.3308026194572449,0.24995744228363037,3.388918399810791,39,2.652775287628174,9,4,1,0,1,0,1,0,0,0,R000018,6.989722957622675
CTGAN_000151,attack,boolean,138,46,9,35,0,0,10,1,0,1,0,0,0,0,0,0,0,0,3,0,2,1,1,17,0.07392217218875885,0.2755380868911743,0.1565077304840088,3.80530047416687,32,2.8997349739074707,8,3,0,0,0,0,1,0,1,0,R000280,6.212571683904716
CTGAN_000152,attack,boolean,135,75,18,61,2,0,4,2,0,2,2,0,2,0,0,0,0,0,0,0,0,1,0,19,0.05846397951245308,0.3004838228225708,0.15308651328086853,4.4074835777282715,35,2.7137203216552734,8,4,0,0,0,0,1,1,2,1,R000075,5.867385451793253
CTGAN_000153,attack,boolean,138,72,6,40,3,1,9,1,0,2,0,0,0,0,1,0,0,0,0,0,0,0,0,17,0.08161704987287521,0.2768782079219818,0.12017447501420975,3.2569987773895264,34,2.419766426086426,10,2,0,0,2,0,0,2,0,0,R000176,5.747258234173784
CTGAN_000154,attack,boolean,143,88,6,68,5,1,4,3,2,2,2,0,1,0,3,0,0,0,0,0,1,1,0,18,0.17650626599788666,0.2641260623931885,0.1498742699623108,3.7768948078155518,31,2.6443066596984863,10,2,0,3,0,0,0,0,0,1,R000081,8.962378428565565
CTGAN_000155,attack,boolean,137,56,10,46,3,0,11,4,1,2,2,0,0,0,0,0,0,3,5,0,0,0,0,18,0.08619623631238937,0.3109051585197449,0.1553766131401062,4.054145812988281,24,2.455939292907715,11,3,3,0,0,0,2,2,0,0,R000213,7.1341497941273175
CTGAN_000156,attack,boolean,132,59,11,37,2,0,11,4,0,2,2,0,0,5,0,2,0,1,5,0,0,0,1,25,0.1694786697626114,0.31868571043014526,0.12820495665073395,4.107465744018555,41,1.9850282669067383,9,2,0,0,0,0,0,1,0,0,R000210,6.793344670771232
CTGAN_000157,attack,boolean,139,80,12,59,0,0,5,1,1,0,2,0,1,0,0,1,0,0,0,0,0,0,0,16,0.1547560691833496,0.23930519819259644,0.1187877357006073,3.6637635231018066,37,2.815284490585327,8,3,0,0,1,0,1,0,0,1,R000167,5.89761993388408
CTGAN_000158,attack,boolean,143,64,8,40,0,0,4,2,0,0,0,0,0,0,2,0,0,0,0,0,0,1,0,24,0.00042274221777915955,0.2837996184825897,0.12229744344949722,3.7781410217285156,31,2.697610378265381,9,4,0,0,1,2,0,2,1,0,R000297,5.817359614068838
CTGAN_000159,attack,boolean,139,47,10,44,0,4,10,1,0,1,0,0,0,0,0,0,0,1,0,0,0,0,0,18,0.0774133950471878,0.5086697340011597,0.1287740170955658,3.755542516708374,37,2.6766839027404785,14,3,0,0,1,0,0,3,0,0,R000205,5.000497426045412
CTGAN_000160,attack,boolean,133,56,23,59,1,2,7,3,2,1,0,0,0,0,0,0,0,1,0,0,0,0,1,17,0.1328442394733429,0.2497335970401764,0.14127887785434723,4.162840843200684,27,2.3469910621643066,11,2,0,0,0,0,2,0,0,1,R000005,5.609237641246054
CTGAN_000161,attack,boolean,129,72,29,41,0,0,5,4,0,0,0,0,2,0,1,0,0,0,0,0,0,1,0,17,0.08898483216762543,0.26969262957572937,0.14444458484649658,4.2967209815979,40,2.581509590148926,16,3,0,1,0,0,0,0,0,1,R000056,6.120079683573476
CTGAN_000162,attack,boolean,137,51,7,60,0,0,10,2,1,1,0,0,0,0,1,0,0,0,0,0,0,0,0,18,0.10391152650117874,0.24879637360572815,0.12730924785137177,3.713622808456421,36,3.575120687484741,10,4,0,0,0,0,2,1,0,1,R000242,6.386838481267445
CTGAN_000163,attack,boolean,139,83,6,36,1,3,9,1,1,2,1,0,2,0,0,0,0,0,0,0,0,1,0,18,0.10138949751853943,0.2434423863887787,0.14469072222709656,4.077811241149902,28,1.754941463470459,7,4,1,0,0,0,1,3,0,0,R000139,6.377177783813076
CTGAN_000164,attack,boolean,129,98,7,36,0,0,11,3,2,1,0,0,0,0,0,0,0,1,0,0,0,1,0,18,0.08893492817878723,0.3029050827026367,0.1429900825023651,4.301211833953857,29,3.0164756774902344,14,2,1,0,1,0,0,0,0,0,R000007,5.292207316366539
CTGAN_000165,attack,boolean,137,85,16,62,0,0,5,1,2,1,2,0,1,8,0,0,0,2,0,0,0,0,0,19,0.05079218000173569,0.5494539737701416,0.15295732021331787,4.2877655029296875,30,2.280503988265991,9,4,0,0,2,0,0,2,0,0,R000226,8.051693730675535
CTGAN_000166,attack,boolean,142,47,13,36,0,0,8,2,0,2,2,0,2,6,1,0,0,0,1,0,0,1,0,15,0.04977940022945404,0.2792024612426758,0.1294833868741989,4.283580303192139,28,2.7556586265563965,10,4,0,2,1,0,2,1,0,0,R000232,6.398644281566231
CTGAN_000167,attack,boolean,141,40,11,37,0,1,7,4,2,1,2,1,0,4,1,1,0,2,0,0,0,1,1,15,0.1251356452703476,0.28491681814193726,0.11237900704145432,3.7711257934570312,42,2.9920647144317627,9,2,2,0,0,1,0,0,0,0,R000097,6.67578504018585
CTGAN_000168,attack,boolean,139,37,6,60,0,0,3,2,0,1,2,0,1,0,3,0,0,0,0,0,0,0,1,23,0.12653547525405884,0.42802008986473083,0.14423945546150208,3.8993940353393555,37,2.3626468181610107,10,4,0,2,0,0,1,1,0,0,R000226,6.358532645212619
CTGAN_000169,attack,boolean,133,76,15,44,5,0,9,2,1,2,0,0,2,0,0,0,0,0,0,0,2,0,0,16,0.1550128161907196,0.29707688093185425,0.14040331542491913,4.451461315155029,37,2.892094612121582,10,3,0,0,2,0,0,1,1,0,R000280,6.062367762745861
CTGAN_000170,attack,boolean,142,64,14,37,5,4,3,1,0,2,2,0,0,5,0,0,0,0,3,0,0,1,0,15,0.044210050255060196,0.3934919238090515,0.12313041090965271,3.414250612258911,28,3.254181385040283,7,4,0,1,1,0,1,3,0,0,R000114,7.223811452027908
CTGAN_000171,attack,boolean,141,67,16,57,0,3,7,1,2,1,0,0,0,6,0,1,0,2,0,0,0,1,1,21,0.08868315070867538,0.3885916769504547,0.14494763314723969,4.293142318725586,25,2.154729127883911,11,4,0,0,0,1,0,0,0,0,R000205,6.468121919560474
CTGAN_000172,attack,boolean,136,80,2,41,3,0,5,2,0,2,0,0,0,0,0,0,0,1,0,0,0,0,1,18,0.06052679196000099,0.48154258728027344,0.13298234343528748,4.081228733062744,33,2.122049331665039,9,3,0,0,0,0,3,3,0,0,R000107,6.454528245414675
CTGAN_000173,attack,boolean,140,85,14,54,3,0,9,2,0,2,0,0,1,0,1,0,0,0,0,0,0,0,0,20,0.0,0.4541137218475342,0.13111735880374908,4.285456657409668,37,2.35385799407959,10,2,0,1,0,0,1,0,0,0,R000084,5.356849309941831
CTGAN_000174,attack,boolean,135,66,1,53,1,0,8,1,1,1,0,0,1,6,1,0,0,0,2,0,0,0,1,16,0.06306080520153046,0.25247517228126526,0.12512728571891785,4.370978832244873,32,2.3120713233947754,15,4,0,0,1,1,0,0,1,0,R000054,6.320244306780446
CTGAN_000175,attack,boolean,140,77,9,43,0,0,12,2,0,1,0,0,0,0,0,2,0,1,0,0,0,0,1,19,0.09099297225475311,0.3423612713813782,0.16274406015872955,3.906031370162964,36,2.6963512897491455,6,3,1,2,1,0,1,0,0,0,R000015,5.158718626803069
CTGAN_000176,attack,boolean,136,77,15,51,0,0,8,1,1,1,2,0,2,6,2,2,0,1,2,0,0,1,1,18,0.16946028172969818,0.322343647480011,0.1293918937444687,3.5777275562286377,33,2.8414065837860107,16,3,2,0,1,0,0,0,0,0,R000303,6.782939601939927
CTGAN_000177,attack,boolean,130,61,14,42,0,0,5,3,0,1,2,0,0,7,0,1,0,0,1,0,0,1,1,19,0.09351109713315964,0.34009987115859985,0.11481321603059769,3.9506733417510986,32,2.6018824577331543,8,4,0,0,0,2,0,3,1,0,R000250,5.60066475736057
CTGAN_000178,attack,boolean,137,71,14,39,0,0,10,0,0,1,0,1,3,0,0,2,0,0,1,0,0,1,0,17,0.05127599462866783,0.33304983377456665,0.09871674329042435,3.8704681396484375,41,2.8258719444274902,10,3,2,0,0,0,0,0,0,1,R000303,7.111093519673483
CTGAN_000179,attack,boolean,131,41,20,39,2,0,3,4,0,2,0,0,0,0,1,0,0,0,3,0,0,1,0,20,0.16389073431491852,0.3113757371902466,0.11298847198486328,4.171387672424316,34,2.4942028522491455,8,4,0,0,0,0,0,1,0,0,R000285,5.172154854538361
CTGAN_000180,attack,boolean,142,89,12,46,0,0,9,1,3,2,1,0,1,6,1,2,0,0,6,0,0,0,0,21,0.0,0.3210913836956024,0.21990244090557098,4.50485372543335,37,2.49770188331604,9,3,0,1,2,0,1,0,0,0,R000257,7.9078980677506205
CTGAN_000181,attack,boolean,140,74,12,62,5,0,6,2,1,1,2,0,1,0,2,0,0,0,0,0,0,0,1,14,0.09116014838218689,0.3065054416656494,0.11125697940587997,4.3311920166015625,32,3.391535520553589,9,3,0,2,0,1,1,1,0,0,R000011,5.846212084222878
CTGAN_000182,attack,boolean,133,74,11,37,0,3,7,1,0,2,0,0,0,0,0,0,0,0,0,0,0,0,0,17,0.0769205167889595,0.27182674407958984,0.15125945210456848,4.064213275909424,34,2.5515785217285156,16,3,0,3,0,0,1,3,0,0,R000139,6.301328447645477
CTGAN_000183,attack,boolean,132,71,18,39,3,1,6,1,0,1,0,0,0,0,0,0,0,1,0,0,0,1,1,22,0.010997425764799118,0.32052743434906006,0.13691695034503937,3.787811756134033,32,2.1357150077819824,9,3,1,0,0,0,1,3,0,0,R000107,5.415546297235804
CTGAN_000184,attack,boolean,134,72,11,42,2,0,8,4,0,1,2,0,2,0,1,0,0,0,0,0,0,1,0,20,0.07150942087173462,0.3473036289215088,0.12344814091920853,3.891793966293335,45,2.628823757171631,8,4,0,0,0,0,2,2,0,0,R000215,5.192886862627045
CTGAN_000185,attack,boolean,138,74,8,47,3,0,3,0,0,1,0,0,0,0,0,0,0,1,0,0,0,1,1,18,0.14989125728607178,0.34023240208625793,0.15082238614559174,3.6454195976257324,28,2.6861371994018555,15,4,0,0,0,0,1,0,1,0,R000137,4.948605107916331
CTGAN_000186,attack,boolean,129,76,14,49,4,0,13,1,0,2,0,0,2,0,0,0,0,1,0,0,0,1,1,19,0.0,0.2837347686290741,0.17740878462791443,4.113198757171631,35,2.759317398071289,11,7,0,3,0,0,3,0,0,0,R000182,8.042726830484447
CTGAN_000187,attack,boolean,137,84,18,37,0,0,4,2,0,1,2,0,1,0,0,1,0,1,0,0,0,1,1,18,0.04575455188751221,0.3249879777431488,0.14247208833694458,3.6043312549591064,29,2.7488584518432617,14,2,2,2,3,0,0,0,0,0,R000303,5.707692538098703
CTGAN_000188,attack,boolean,131,51,24,52,5,0,9,2,0,2,0,0,1,8,0,0,0,1,0,0,0,0,1,22,0.07397353649139404,0.3344627022743225,0.131583109498024,3.684774875640869,39,2.751497507095337,8,3,1,1,0,1,3,2,1,0,R000032,7.112443620844587
CTGAN_000189,attack,boolean,134,72,9,40,0,0,5,2,0,2,2,0,1,0,0,2,0,0,1,0,0,1,0,17,0.0545978769659996,0.30017879605293274,0.14134612679481506,3.866061210632324,29,2.6226799488067627,9,4,0,2,0,0,1,0,0,0,R000303,4.588384436486638
CTGAN_000190,attack,boolean,140,56,10,42,3,0,6,2,2,1,2,0,2,0,0,0,0,0,6,0,0,0,0,31,0.07023100554943085,0.5114241242408752,0.23110491037368774,4.006532192230225,33,1.9675251245498657,10,3,0,0,2,0,0,1,0,0,R000046,7.7075635744413695
CTGAN_000191,attack,boolean,135,35,20,40,0,0,3,0,0,1,2,1,0,0,1,0,0,0,0,0,0,1,0,21,0.11389484256505966,0.3209550380706787,0.1467798948287964,3.9420313835144043,32,3.051175594329834,14,4,0,0,0,0,0,1,0,0,R000182,5.545342229125915
CTGAN_000192,attack,boolean,142,32,10,29,4,0,5,0,2,2,0,0,1,0,0,2,0,0,2,0,0,0,0,14,0.12121401727199554,0.32060834765434265,0.09973637014627457,3.646120309829712,33,2.7486541271209717,15,3,2,0,0,2,2,0,2,0,R000275,7.322300697816248
CTGAN_000193,attack,boolean,137,75,15,50,2,5,10,4,0,2,2,1,2,0,2,0,0,0,2,0,0,1,0,21,0.1259184032678604,0.52787846326828,0.14795763790607452,3.6825711727142334,36,3.100254535675049,17,3,0,0,3,0,1,3,0,0,R000234,8.000590973525021
CTGAN_000194,attack,boolean,143,69,10,45,0,0,5,1,0,2,2,1,2,0,0,0,0,0,2,0,0,1,1,22,0.09678022563457489,0.23715364933013916,0.1366978883743286,3.9774274826049805,40,2.344057321548462,15,2,0,0,0,0,2,0,2,0,R000255,6.076455502098085
CTGAN_000195,attack,boolean,131,70,11,42,2,0,8,2,3,2,0,0,1,6,1,2,0,0,0,0,0,1,0,16,0.09734711050987244,0.40885642170906067,0.13329574465751648,4.101572513580322,36,2.6655209064483643,10,6,0,2,3,0,0,1,0,0,R000155,6.829996106339363
CTGAN_000196,attack,boolean,140,29,17,41,1,0,10,4,0,2,0,1,2,0,1,0,0,1,0,0,0,1,1,25,0.07897606492042542,0.4746524691581726,0.14250168204307556,3.8982627391815186,29,3.022409439086914,9,4,0,0,0,0,2,0,0,0,R000062,6.901152906296547
CTGAN_000197,attack,boolean,133,33,14,39,3,0,11,2,0,0,2,0,2,0,0,0,0,0,0,0,0,0,1,18,0.15201425552368164,0.39590710401535034,0.16209228336811066,3.8028781414031982,24,2.5899336338043213,11,3,0,0,0,0,0,1,0,0,R000142,6.042925760848674
CTGAN_000198,attack,boolean,143,48,8,45,0,0,3,5,0,2,2,0,2,0,0,0,0,0,3,0,0,1,1,18,0.1059245690703392,0.269061803817749,0.1693173497915268,3.46547269821167,27,2.3470096588134766,9,1,0,0,1,0,2,0,0,0,R000040,5.773230951602496
CTGAN_000199,attack,boolean,133,41,6,54,0,0,11,5,0,1,2,1,1,0,1,0,0,0,1,0,0,0,1,20,0.0523279570043087,0.25019267201423645,0.1424674391746521,3.876477003097534,34,2.8270773887634277,15,3,0,0,2,0,1,1,0,0,R000108,6.382932509364039
CTGAN_000200,attack,boolean,135,33,14,41,1,0,13,1,2,1,0,0,0,4,1,0,0,0,1,0,0,0,1,17,0.09078739583492279,0.40203309059143066,0.13137173652648926,4.419119358062744,36,2.4588356018066406,8,4,1,1,0,0,0,0,0,0,R000107,6.0405615730472695
